Z, N, A, t1/2, stable
1, 0, 1, inf, True
1, 1, 2, inf, True
1, 2, 3, 389000000.0, False
1, 3, 4, 0.0, False
1, 4, 5, 8.33e-23, False
1, 5, 6, 2.97e-22, False
1, 6, 7, 9.15e-15, False
2, 1, 3, inf, True
2, 2, 4, inf, True
2, 3, 5, 7.91e-22, False
2, 4, 6, 0.801, False
2, 5, 7, 3.16e-21, False
2, 6, 8, 0.119, False
2, 7, 9, 0.0, False
2, 8, 10, 1.58e-21, False
3, 0, 3, 0.0, False
3, 1, 4, 7.87e-23, False
3, 2, 5, 3.16e-22, False
3, 3, 6, inf, True
3, 4, 7, inf, True
3, 5, 8, 0.84, False
3, 6, 9, 0.178, False
3, 7, 10, 0.0, False
3, 8, 11, 0.00875, False
3, 9, 12, 1e-08, False
3, 10, 13, 0.0, False
4, 1, 5, 0.0, False
4, 2, 6, 5.16e-21, False
4, 3, 7, 4600000.0, False
4, 4, 8, 8.52e-17, False
4, 5, 9, inf, True
4, 6, 10, 4.38e+13, False
4, 7, 11, 13.8, False
4, 8, 12, 0.0215, False
4, 9, 13, 2.7e-21, False
4, 10, 14, 0.00435, False
4, 11, 15, 2e-07, False
4, 12, 16, 2e-07, False
5, 1, 6, 0.0, False
5, 2, 7, 3.39e-22, False
5, 3, 8, 0.77, False
5, 4, 9, 8.79e-19, False
5, 5, 10, inf, True
5, 6, 11, inf, True
5, 7, 12, 0.0202, False
5, 8, 13, 0.0173, False
5, 9, 14, 0.0125, False
5, 10, 15, 0.00993, False
5, 11, 16, 1.9e-10, False
5, 12, 17, 0.00508, False
5, 13, 18, 2.6e-08, False
5, 14, 19, 0.00292, False
5, 15, 20, 0.0, False
5, 16, 21, 0.0, False
6, 2, 8, 2.06e-21, False
6, 3, 9, 0.127, False
6, 4, 10, 19.3, False
6, 5, 11, 1220.0, False
6, 6, 12, inf, True
6, 7, 13, inf, True
6, 8, 14, 1.8e+11, False
6, 9, 15, 2.45, False
6, 10, 16, 0.747, False
6, 11, 17, 0.193, False
6, 12, 18, 0.092, False
6, 13, 19, 0.049, False
6, 14, 20, 0.014, False
6, 15, 21, 3e-08, False
6, 16, 22, 0.0061, False
6, 17, 23, 0.0, False
7, 3, 10, 0.0, False
7, 4, 11, 5.72e-22, False
7, 5, 12, 0.011, False
7, 6, 13, 598.0, False
7, 7, 14, inf, True
7, 8, 15, inf, True
7, 9, 16, 7.13, False
7, 10, 17, 4.17, False
7, 11, 18, 0.62, False
7, 12, 19, 0.336, False
7, 13, 20, 0.136, False
7, 14, 21, 0.083, False
7, 15, 22, 0.02, False
7, 16, 23, 0.0145, False
7, 17, 24, 5.2e-08, False
7, 18, 25, 0.0, False
8, 4, 12, 1.19e-21, False
8, 5, 13, 0.00858, False
8, 6, 14, 70.6, False
8, 7, 15, 122.0, False
8, 8, 16, inf, True
8, 9, 17, inf, True
8, 10, 18, inf, True
8, 11, 19, 26.9, False
8, 12, 20, 13.5, False
8, 13, 21, 3.42, False
8, 14, 22, 2.25, False
8, 15, 23, 0.097, False
8, 16, 24, 0.065, False
8, 17, 25, 0.0, False
8, 18, 26, 4e-08, False
8, 19, 27, 2.6e-07, False
8, 20, 28, 1e-07, False
9, 5, 14, 0.0, False
9, 6, 15, 4.75e-22, False
9, 7, 16, 1.19e-20, False
9, 8, 17, 64.5, False
9, 9, 18, 6590.0, False
9, 10, 19, inf, True
9, 11, 20, 11.1, False
9, 12, 21, 4.16, False
9, 13, 22, 4.23, False
9, 14, 23, 2.23, False
9, 15, 24, 0.39, False
9, 16, 25, 0.08, False
9, 17, 26, 0.0097, False
9, 18, 27, 0.005, False
9, 19, 28, 4e-08, False
9, 20, 29, 0.0025, False
9, 21, 30, 0.0, False
9, 22, 31, 2.5e-07, False
10, 6, 16, 9e-21, False
10, 7, 17, 0.109, False
10, 8, 18, 1.67, False
10, 9, 19, 17.2, False
10, 10, 20, inf, True
10, 11, 21, inf, True
10, 12, 22, inf, True
10, 13, 23, 37.2, False
10, 14, 24, 203.0, False
10, 15, 25, 0.602, False
10, 16, 26, 0.197, False
10, 17, 27, 0.0315, False
10, 18, 28, 0.0189, False
10, 19, 29, 0.0148, False
10, 20, 30, 0.0073, False
10, 21, 31, 0.0034, False
10, 22, 32, 0.0035, False
10, 23, 33, 1.8e-07, False
10, 24, 34, 6e-08, False
11, 7, 18, 1.3e-21, False
11, 8, 19, 4e-08, False
11, 9, 20, 0.448, False
11, 10, 21, 22.5, False
11, 11, 22, 82100000.0, False
11, 12, 23, inf, True
11, 13, 24, 54000.0, False
11, 14, 25, 59.1, False
11, 15, 26, 1.07, False
11, 16, 27, 0.301, False
11, 17, 28, 0.0305, False
11, 18, 29, 0.0449, False
11, 19, 30, 0.048, False
11, 20, 31, 0.017, False
11, 21, 32, 0.0132, False
11, 22, 33, 0.008, False
11, 23, 34, 0.0055, False
11, 24, 35, 0.0015, False
11, 25, 36, 1.8e-07, False
11, 26, 37, 6e-08, False
12, 7, 19, 4e-12, False
12, 8, 20, 0.0908, False
12, 9, 21, 0.122, False
12, 10, 22, 3.88, False
12, 11, 23, 11.3, False
12, 12, 24, inf, True
12, 13, 25, inf, True
12, 14, 26, inf, True
12, 15, 27, 567.0, False
12, 16, 28, 75300.0, False
12, 17, 29, 1.3, False
12, 18, 30, 0.335, False
12, 19, 31, 0.232, False
12, 20, 32, 0.086, False
12, 21, 33, 0.0905, False
12, 22, 34, 0.02, False
12, 23, 35, 0.07, False
12, 24, 36, 0.0039, False
12, 25, 37, 2.6e-07, False
12, 26, 38, 2.6e-07, False
12, 27, 39, 1.8e-07, False
12, 28, 40, 1.7e-07, False
13, 8, 21, 3.5e-08, False
13, 9, 22, 0.0911, False
13, 10, 23, 0.446, False
13, 11, 24, 2.05, False
13, 12, 25, 7.18, False
13, 13, 26, 2.26e+13, False
13, 14, 27, inf, True
13, 15, 28, 134.0, False
13, 16, 29, 394.0, False
13, 17, 30, 3.62, False
13, 18, 31, 0.644, False
13, 19, 32, 0.033, False
13, 20, 33, 0.0417, False
13, 21, 34, 0.042, False
13, 22, 35, 0.0372, False
13, 23, 36, 0.09, False
13, 24, 37, 0.0107, False
13, 25, 38, 0.0076, False
13, 26, 39, 0.0076, False
13, 27, 40, 2.6e-07, False
13, 28, 41, 2.6e-07, False
13, 29, 42, 1.7e-07, False
13, 30, 43, 1.7e-07, False
14, 8, 22, 0.029, False
14, 9, 23, 0.0423, False
14, 10, 24, 0.141, False
14, 11, 25, 0.22, False
14, 12, 26, 2.23, False
14, 13, 27, 4.15, False
14, 14, 28, inf, True
14, 15, 29, inf, True
14, 16, 30, inf, True
14, 17, 31, 9440.0, False
14, 18, 32, 4830000000.0, False
14, 19, 33, 6.11, False
14, 20, 34, 2.77, False
14, 21, 35, 0.78, False
14, 22, 36, 0.45, False
14, 23, 37, 0.09, False
14, 24, 38, 1e-06, False
14, 25, 39, 0.0475, False
14, 26, 40, 0.033, False
14, 27, 41, 0.02, False
14, 28, 42, 0.0125, False
14, 29, 43, 6e-08, False
14, 30, 44, 3.6e-07, False
14, 31, 45, 0.0, False
15, 9, 24, 0.0, False
15, 10, 25, 3e-08, False
15, 11, 26, 0.0437, False
15, 12, 27, 0.26, False
15, 13, 28, 0.27, False
15, 14, 29, 4.14, False
15, 15, 30, 150.0, False
15, 16, 31, inf, True
15, 17, 32, 1230000.0, False
15, 18, 33, 2190000.0, False
15, 19, 34, 12.4, False
15, 20, 35, 47.3, False
15, 21, 36, 5.6, False
15, 22, 37, 2.31, False
15, 23, 38, 0.64, False
15, 24, 39, 0.28, False
15, 25, 40, 0.125, False
15, 26, 41, 0.1, False
15, 27, 42, 0.0485, False
15, 28, 43, 0.0365, False
15, 29, 44, 0.0185, False
15, 30, 45, 2e-07, False
15, 31, 46, 2e-07, False
15, 32, 47, 0.0, False
16, 10, 26, 7.9e-08, False
16, 11, 27, 0.0155, False
16, 12, 28, 0.125, False
16, 13, 29, 0.187, False
16, 14, 30, 1.18, False
16, 15, 31, 2.57, False
16, 16, 32, inf, True
16, 17, 33, inf, True
16, 18, 34, inf, True
16, 19, 35, 7550000.0, False
16, 20, 36, inf, True
16, 21, 37, 303.0, False
16, 22, 38, 10200.0, False
16, 23, 39, 11.5, False
16, 24, 40, 8.8, False
16, 25, 41, 1.99, False
16, 26, 42, 1.03, False
16, 27, 43, 0.28, False
16, 28, 44, 0.1, False
16, 29, 45, 0.068, False
16, 30, 46, 0.05, False
16, 31, 47, 0.0, False
16, 32, 48, 2e-07, False
16, 33, 49, 2e-07, False
17, 11, 28, 0.0, False
17, 12, 29, 2e-08, False
17, 13, 30, 3e-08, False
17, 14, 31, 0.15, False
17, 15, 32, 0.298, False
17, 16, 33, 2.51, False
17, 17, 34, 1.53, False
17, 18, 35, inf, True
17, 19, 36, 9.5e+12, False
17, 20, 37, inf, True
17, 21, 38, 2230.0, False
17, 22, 39, 3370.0, False
17, 23, 40, 81.0, False
17, 24, 41, 38.4, False
17, 25, 42, 6.8, False
17, 26, 43, 3.13, False
17, 27, 44, 0.56, False
17, 28, 45, 0.413, False
17, 29, 46, 0.232, False
17, 30, 47, 0.101, False
17, 31, 48, 2e-07, False
17, 32, 49, 1.7e-07, False
17, 33, 50, 6.2e-07, False
17, 34, 51, 2e-07, False
18, 12, 30, 2e-08, False
18, 13, 31, 0.0144, False
18, 14, 32, 0.101, False
18, 15, 33, 0.173, False
18, 16, 34, 0.845, False
18, 17, 35, 1.78, False
18, 18, 36, inf, True
18, 19, 37, 3030000.0, False
18, 20, 38, inf, True
18, 21, 39, 8490000000.0, False
18, 22, 40, inf, True
18, 23, 41, 6580.0, False
18, 24, 42, 1040000000.0, False
18, 25, 43, 322.0, False
18, 26, 44, 712.0, False
18, 27, 45, 21.5, False
18, 28, 46, 8.4, False
18, 29, 47, 1.23, False
18, 30, 48, 0.475, False
18, 31, 49, 0.17, False
18, 32, 50, 0.085, False
18, 33, 51, 2e-07, False
18, 34, 52, 6.2e-07, False
18, 35, 53, 6.2e-07, False
19, 13, 32, 0.0, False
19, 14, 33, 2.5e-08, False
19, 15, 34, 2.5e-08, False
19, 16, 35, 0.178, False
19, 17, 36, 0.342, False
19, 18, 37, 1.23, False
19, 19, 38, 458.0, False
19, 20, 39, inf, True
19, 21, 40, 3.94e+16, False
19, 22, 41, inf, True
19, 23, 42, 44400.0, False
19, 24, 43, 80300.0, False
19, 25, 44, 1330.0, False
19, 26, 45, 1070.0, False
19, 27, 46, 105.0, False
19, 28, 47, 17.5, False
19, 29, 48, 6.8, False
19, 30, 49, 1.26, False
19, 31, 50, 0.472, False
19, 32, 51, 0.365, False
19, 33, 52, 0.118, False
19, 34, 53, 0.03, False
19, 35, 54, 0.01, False
19, 36, 55, 3.6e-07, False
19, 37, 56, 6.2e-07, False
20, 14, 34, 3.5e-08, False
20, 15, 35, 0.0257, False
20, 16, 36, 0.102, False
20, 17, 37, 0.181, False
20, 18, 38, 0.44, False
20, 19, 39, 0.86, False
20, 20, 40, 9.47e+28, False
20, 21, 41, 3.22e+12, False
20, 22, 42, inf, True
20, 23, 43, inf, True
20, 24, 44, inf, True
20, 25, 45, 14000000.0, False
20, 26, 46, 8.84e+22, False
20, 27, 47, 392000.0, False
20, 28, 48, 1.83e+30, False
20, 29, 49, 523.0, False
20, 30, 50, 13.9, False
20, 31, 51, 10.0, False
20, 32, 52, 4.6, False
20, 33, 53, 0.09, False
20, 34, 54, 0.086, False
20, 35, 55, 0.022, False
20, 36, 56, 0.011, False
20, 37, 57, 6.2e-07, False
20, 38, 58, 6.2e-07, False
21, 15, 36, 0.0, False
21, 16, 37, 0.0, False
21, 17, 38, 0.0, False
21, 18, 39, 3e-07, False
21, 19, 40, 0.182, False
21, 20, 41, 0.596, False
21, 21, 42, 0.681, False
21, 22, 43, 14000.0, False
21, 23, 44, 14300.0, False
21, 24, 45, inf, True
21, 25, 46, 7240000.0, False
21, 26, 47, 289000.0, False
21, 27, 48, 157000.0, False
21, 28, 49, 3430.0, False
21, 29, 50, 102.0, False
21, 30, 51, 12.4, False
21, 31, 52, 8.2, False
21, 32, 53, 2.4, False
21, 33, 54, 0.526, False
21, 34, 55, 0.096, False
21, 35, 56, 0.026, False
21, 36, 57, 0.022, False
21, 37, 58, 0.012, False
21, 38, 59, 3.6e-07, False
21, 39, 60, 3.6e-07, False
21, 40, 61, 3.6e-07, False
22, 16, 38, 0.0, False
22, 17, 39, 0.031, False
22, 18, 40, 0.0524, False
22, 19, 41, 0.0804, False
22, 20, 42, 0.199, False
22, 21, 43, 0.509, False
22, 22, 44, 1890000000.0, False
22, 23, 45, 11100.0, False
22, 24, 46, inf, True
22, 25, 47, inf, True
22, 26, 48, inf, True
22, 27, 49, inf, True
22, 28, 50, inf, True
22, 29, 51, 346.0, False
22, 30, 52, 102.0, False
22, 31, 53, 32.7, False
22, 32, 54, 1.5, False
22, 33, 55, 1.3, False
22, 34, 56, 0.2, False
22, 35, 57, 0.098, False
22, 36, 58, 0.057, False
22, 37, 59, 0.0275, False
22, 38, 60, 0.0224, False
22, 39, 61, 0.015, False
22, 40, 62, 6.2e-07, False
22, 41, 63, 3.6e-07, False
23, 17, 40, 0.0, False
23, 18, 41, 0.0, False
23, 19, 42, 5.5e-08, False
23, 20, 43, 0.0793, False
23, 21, 44, 0.111, False
23, 22, 45, 0.547, False
23, 23, 46, 0.423, False
23, 24, 47, 1960.0, False
23, 25, 48, 1380000.0, False
23, 26, 49, 28500000.0, False
23, 27, 50, 6.63e+24, False
23, 28, 51, inf, True
23, 29, 52, 225.0, False
23, 30, 53, 92.6, False
23, 31, 54, 49.8, False
23, 32, 55, 6.54, False
23, 33, 56, 0.216, False
23, 34, 57, 0.32, False
23, 35, 58, 0.191, False
23, 36, 59, 0.097, False
23, 37, 60, 0.068, False
23, 38, 61, 0.0526, False
23, 39, 62, 0.0335, False
23, 40, 63, 0.0192, False
23, 41, 64, 0.019, False
23, 42, 65, 3.6e-07, False
23, 43, 66, 3.6e-07, False
24, 18, 42, 0.0133, False
24, 19, 43, 0.0206, False
24, 20, 44, 0.0428, False
24, 21, 45, 0.0609, False
24, 22, 46, 0.26, False
24, 23, 47, 0.5, False
24, 24, 48, 77600.0, False
24, 25, 49, 2540.0, False
24, 26, 50, 4.1e+25, False
24, 27, 51, 2390000.0, False
24, 28, 52, inf, True
24, 29, 53, inf, True
24, 30, 54, inf, True
24, 31, 55, 210.0, False
24, 32, 56, 356.0, False
24, 33, 57, 21.1, False
24, 34, 58, 7.0, False
24, 35, 59, 1.05, False
24, 36, 60, 0.49, False
24, 37, 61, 0.243, False
24, 38, 62, 0.206, False
24, 39, 63, 0.129, False
24, 40, 64, 0.042, False
24, 41, 65, 0.028, False
24, 42, 66, 0.023, False
24, 43, 67, 0.0, False
24, 44, 68, 3.6e-07, False
25, 19, 44, 1.05e-07, False
25, 20, 45, 0.0, False
25, 21, 46, 0.0362, False
25, 22, 47, 0.088, False
25, 23, 48, 0.158, False
25, 24, 49, 0.382, False
25, 25, 50, 0.283, False
25, 26, 51, 2770.0, False
25, 27, 52, 483000.0, False
25, 28, 53, 1.18e+14, False
25, 29, 54, 27000000.0, False
25, 30, 55, inf, True
25, 31, 56, 9280.0, False
25, 32, 57, 85.4, False
25, 33, 58, 3.0, False
25, 34, 59, 4.59, False
25, 35, 60, 0.28, False
25, 36, 61, 0.67, False
25, 37, 62, 0.671, False
25, 38, 63, 0.275, False
25, 39, 64, 0.09, False
25, 40, 65, 0.084, False
25, 41, 66, 0.065, False
25, 42, 67, 0.051, False
25, 43, 68, 0.028, False
25, 44, 69, 0.018, False
25, 45, 70, 3.6e-07, False
25, 46, 71, 6.37e-07, False
26, 19, 45, 0.00189, False
26, 20, 46, 0.013, False
26, 21, 47, 0.0219, False
26, 22, 48, 0.0453, False
26, 23, 49, 0.0647, False
26, 24, 50, 0.155, False
26, 25, 51, 0.305, False
26, 26, 52, 29800.0, False
26, 27, 53, 511.0, False
26, 28, 54, inf, True
26, 29, 55, 86600000.0, False
26, 30, 56, inf, True
26, 31, 57, inf, True
26, 32, 58, inf, True
26, 33, 59, 3840000.0, False
26, 34, 60, 8.27e+13, False
26, 35, 61, 359.0, False
26, 36, 62, 68.0, False
26, 37, 63, 6.1, False
26, 38, 64, 2.0, False
26, 39, 65, 0.81, False
26, 40, 66, 0.44, False
26, 41, 67, 0.404, False
26, 42, 68, 0.18, False
26, 43, 69, 0.11, False
26, 44, 70, 0.071, False
26, 45, 71, 0.028, False
26, 46, 72, 1.5e-07, False
26, 47, 73, 6.33e-07, False
26, 48, 74, 6.38e-07, False
27, 20, 47, 0.0, False
27, 21, 48, 0.0, False
27, 22, 49, 0.0, False
27, 23, 50, 0.0388, False
27, 24, 51, 2e-07, False
27, 25, 52, 0.115, False
27, 26, 53, 0.24, False
27, 27, 54, 0.193, False
27, 28, 55, 63100.0, False
27, 29, 56, 6670000.0, False
27, 30, 57, 23500000.0, False
27, 31, 58, 6120000.0, False
27, 32, 59, inf, True
27, 33, 60, 166000000.0, False
27, 34, 61, 5940.0, False
27, 35, 62, 90.0, False
27, 36, 63, 27.4, False
27, 37, 64, 0.3, False
27, 38, 65, 1.16, False
27, 39, 66, 0.2, False
27, 40, 67, 0.425, False
27, 41, 68, 0.199, False
27, 42, 69, 0.229, False
27, 43, 70, 0.108, False
27, 44, 71, 0.08, False
27, 45, 72, 0.0599, False
27, 46, 73, 0.041, False
27, 47, 74, 0.025, False
27, 48, 75, 1.5e-07, False
27, 49, 76, 6.34e-07, False
28, 20, 48, 0.0021, False
28, 21, 49, 0.0075, False
28, 22, 50, 0.0185, False
28, 23, 51, 0.0238, False
28, 24, 52, 0.0408, False
28, 25, 53, 0.0552, False
28, 26, 54, 0.104, False
28, 27, 55, 0.205, False
28, 28, 56, 525000.0, False
28, 29, 57, 128000.0, False
28, 30, 58, inf, True
28, 31, 59, 2.4e+12, False
28, 32, 60, inf, True
28, 33, 61, inf, True
28, 34, 62, inf, True
28, 35, 63, 3190000000.0, False
28, 36, 64, inf, True
28, 37, 65, 9060.0, False
28, 38, 66, 197000.0, False
28, 39, 67, 21.0, False
28, 40, 68, 29.0, False
28, 41, 69, 11.2, False
28, 42, 70, 6.0, False
28, 43, 71, 2.56, False
28, 44, 72, 1.57, False
28, 45, 73, 0.84, False
28, 46, 74, 0.68, False
28, 47, 75, 0.344, False
28, 48, 76, 0.238, False
28, 49, 77, 0.128, False
28, 50, 78, 0.11, False
28, 51, 79, 6.35e-07, False
29, 23, 52, 0.0, False
29, 24, 53, 3e-07, False
29, 25, 54, 7.5e-08, False
29, 26, 55, 0.027, False
29, 27, 56, 0.093, False
29, 28, 57, 0.196, False
29, 29, 58, 3.2, False
29, 30, 59, 81.5, False
29, 31, 60, 1420.0, False
29, 32, 61, 12000.0, False
29, 33, 62, 580.0, False
29, 34, 63, inf, True
29, 35, 64, 45700.0, False
29, 36, 65, inf, True
29, 37, 66, 307.0, False
29, 38, 67, 223000.0, False
29, 39, 68, 30.9, False
29, 40, 69, 171.0, False
29, 41, 70, 44.5, False
29, 42, 71, 19.4, False
29, 43, 72, 6.63, False
29, 44, 73, 4.2, False
29, 45, 74, 1.59, False
29, 46, 75, 1.22, False
29, 47, 76, 0.637, False
29, 48, 77, 0.468, False
29, 49, 78, 0.335, False
29, 50, 79, 0.188, False
29, 51, 80, 0.17, False
29, 52, 81, 6.32e-07, False
29, 53, 82, 6.36e-07, False
30, 24, 54, 0.00159, False
30, 25, 55, 0.0198, False
30, 26, 56, 0.03, False
30, 27, 57, 0.038, False
30, 28, 58, 0.086, False
30, 29, 59, 0.182, False
30, 30, 60, 143.0, False
30, 31, 61, 89.1, False
30, 32, 62, 33100.0, False
30, 33, 63, 2310.0, False
30, 34, 64, 2.21e+28, False
30, 35, 65, 21100000.0, False
30, 36, 66, inf, True
30, 37, 67, inf, True
30, 38, 68, inf, True
30, 39, 69, 3380.0, False
30, 40, 70, 7.26e+24, False
30, 41, 71, 147.0, False
30, 42, 72, 167000.0, False
30, 43, 73, 23.5, False
30, 44, 74, 95.6, False
30, 45, 75, 10.2, False
30, 46, 76, 5.7, False
30, 47, 77, 2.08, False
30, 48, 78, 1.47, False
30, 49, 79, 0.995, False
30, 50, 80, 0.54, False
30, 51, 81, 0.304, False
30, 52, 82, 1.5e-07, False
30, 53, 83, 3e-07, False
30, 54, 84, 6.33e-07, False
30, 55, 85, 6.37e-07, False
31, 25, 56, 0.0, False
31, 26, 57, 0.0, False
31, 27, 58, 0.0, False
31, 28, 59, 0.0, False
31, 29, 60, 0.07, False
31, 30, 61, 0.167, False
31, 31, 62, 0.116, False
31, 32, 63, 32.4, False
31, 33, 64, 158.0, False
31, 34, 65, 912.0, False
31, 35, 66, 34200.0, False
31, 36, 67, 282000.0, False
31, 37, 68, 4060.0, False
31, 38, 69, inf, True
31, 39, 70, 1270.0, False
31, 40, 71, inf, True
31, 41, 72, 50800.0, False
31, 42, 73, 17500.0, False
31, 43, 74, 487.0, False
31, 44, 75, 126.0, False
31, 45, 76, 32.6, False
31, 46, 77, 13.2, False
31, 47, 78, 5.09, False
31, 48, 79, 2.85, False
31, 49, 80, 1.68, False
31, 50, 81, 1.22, False
31, 51, 82, 0.599, False
31, 52, 83, 0.308, False
31, 53, 84, 0.085, False
31, 54, 85, 0.1, False
31, 55, 86, 1.5e-07, False
31, 56, 87, 6.34e-07, False
32, 26, 58, 0.0, False
32, 27, 59, 0.0, False
32, 28, 60, 1.1e-07, False
32, 29, 61, 0.044, False
32, 30, 62, 0.129, False
32, 31, 63, 0.15, False
32, 32, 64, 63.7, False
32, 33, 65, 30.9, False
32, 34, 66, 8140.0, False
32, 35, 67, 1130.0, False
32, 36, 68, 23400000.0, False
32, 37, 69, 141000.0, False
32, 38, 70, inf, True
32, 39, 71, 988000.0, False
32, 40, 72, inf, True
32, 41, 73, inf, True
32, 42, 74, inf, True
32, 43, 75, 4970.0, False
32, 44, 76, inf, True
32, 45, 77, 40700.0, False
32, 46, 78, 5280.0, False
32, 47, 79, 19.0, False
32, 48, 80, 29.5, False
32, 49, 81, 7.6, False
32, 50, 82, 4.56, False
32, 51, 83, 1.85, False
32, 52, 84, 0.954, False
32, 53, 85, 0.56, False
32, 54, 86, 1.5e-07, False
32, 55, 87, 0.14, False
32, 56, 88, 3e-07, False
32, 57, 89, 3e-07, False
32, 58, 90, 6.35e-07, False
33, 27, 60, 0.0, False
33, 28, 61, 0.0, False
33, 29, 62, 0.0, False
33, 30, 63, 4.3e-08, False
33, 31, 64, 0.018, False
33, 32, 65, 0.128, False
33, 33, 66, 0.0958, False
33, 34, 67, 42.5, False
33, 35, 68, 152.0, False
33, 36, 69, 912.0, False
33, 37, 70, 3160.0, False
33, 38, 71, 235000.0, False
33, 39, 72, 93600.0, False
33, 40, 73, 6940000.0, False
33, 41, 74, 1540000.0, False
33, 42, 75, inf, True
33, 43, 76, 94500.0, False
33, 44, 77, 140000.0, False
33, 45, 78, 5440.0, False
33, 46, 79, 541.0, False
33, 47, 80, 15.2, False
33, 48, 81, 33.3, False
33, 49, 82, 19.1, False
33, 50, 83, 13.4, False
33, 51, 84, 4.2, False
33, 52, 85, 2.02, False
33, 53, 86, 0.945, False
33, 54, 87, 0.56, False
33, 55, 88, 3e-07, False
33, 56, 89, 3e-07, False
33, 57, 90, 3e-07, False
33, 58, 91, 1.5e-07, False
33, 59, 92, 0.0, False
34, 30, 64, 1.8e-07, False
34, 31, 65, 0.033, False
34, 32, 66, 0.0, False
34, 33, 67, 0.136, False
34, 34, 68, 35.5, False
34, 35, 69, 27.4, False
34, 36, 70, 2470.0, False
34, 37, 71, 284.0, False
34, 38, 72, 726000.0, False
34, 39, 73, 25700.0, False
34, 40, 74, inf, True
34, 41, 75, 10300000.0, False
34, 42, 76, inf, True
34, 43, 77, inf, True
34, 44, 78, inf, True
34, 45, 79, 9.31e+12, False
34, 46, 80, inf, True
34, 47, 81, 1110.0, False
34, 48, 82, inf, True
34, 49, 83, 1340.0, False
34, 50, 84, 196.0, False
34, 51, 85, 32.9, False
34, 52, 86, 14.3, False
34, 53, 87, 5.5, False
34, 54, 88, 1.53, False
34, 55, 89, 0.41, False
34, 56, 90, 3e-07, False
34, 57, 91, 0.27, False
34, 58, 92, 0.0, False
34, 59, 93, 0.0, False
34, 60, 94, 1.5e-07, False
34, 61, 95, 3e-07, False
35, 32, 67, 0.0, False
35, 33, 68, 1.2e-06, False
35, 34, 69, 2.4e-08, False
35, 35, 70, 0.0791, False
35, 36, 71, 21.4, False
35, 37, 72, 78.6, False
35, 38, 73, 204.0, False
35, 39, 74, 1520.0, False
35, 40, 75, 5800.0, False
35, 41, 76, 58300.0, False
35, 42, 77, 205000.0, False
35, 43, 78, 387.0, False
35, 44, 79, inf, True
35, 45, 80, 1060.0, False
35, 46, 81, inf, True
35, 47, 82, 127000.0, False
35, 48, 83, 8640.0, False
35, 49, 84, 1910.0, False
35, 50, 85, 174.0, False
35, 51, 86, 55.1, False
35, 52, 87, 55.7, False
35, 53, 88, 16.3, False
35, 54, 89, 4.4, False
35, 55, 90, 1.91, False
35, 56, 91, 0.541, False
35, 57, 92, 0.343, False
35, 58, 93, 0.102, False
35, 59, 94, 0.07, False
35, 60, 95, 1.5e-07, False
35, 61, 96, 1.5e-07, False
35, 62, 97, 3e-07, False
35, 63, 98, 6.34e-07, False
36, 33, 69, 0.032, False
36, 34, 70, 0.052, False
36, 35, 71, 0.1, False
36, 36, 72, 17.1, False
36, 37, 73, 27.3, False
36, 38, 74, 690.0, False
36, 39, 75, 257.0, False
36, 40, 76, 53300.0, False
36, 41, 77, 4460.0, False
36, 42, 78, 4.73e+28, False
36, 43, 79, 126000.0, False
36, 44, 80, inf, True
36, 45, 81, 7.23e+12, False
36, 46, 82, inf, True
36, 47, 83, inf, True
36, 48, 84, inf, True
36, 49, 85, 339000000.0, False
36, 50, 86, inf, True
36, 51, 87, 4580.0, False
36, 52, 88, 10200.0, False
36, 53, 89, 189.0, False
36, 54, 90, 32.3, False
36, 55, 91, 8.57, False
36, 56, 92, 1.84, False
36, 57, 93, 1.29, False
36, 58, 94, 0.212, False
36, 59, 95, 0.114, False
36, 60, 96, 0.08, False
36, 61, 97, 0.063, False
36, 62, 98, 0.046, False
36, 63, 99, 0.013, False
36, 64, 100, 0.007, False
36, 65, 101, 6.35e-07, False
37, 34, 71, 0.0, False
37, 35, 72, 1.2e-06, False
37, 36, 73, 3e-08, False
37, 37, 74, 0.0649, False
37, 38, 75, 19.0, False
37, 39, 76, 36.5, False
37, 40, 77, 226.0, False
37, 41, 78, 1060.0, False
37, 42, 79, 1370.0, False
37, 43, 80, 33.4, False
37, 44, 81, 16500.0, False
37, 45, 82, 75.5, False
37, 46, 83, 7450000.0, False
37, 47, 84, 2840000.0, False
37, 48, 85, inf, True
37, 49, 86, 1610000.0, False
37, 50, 87, 1.52e+18, False
37, 51, 88, 1070.0, False
37, 52, 89, 909.0, False
37, 53, 90, 158.0, False
37, 54, 91, 58.4, False
37, 55, 92, 4.49, False
37, 56, 93, 5.84, False
37, 57, 94, 2.7, False
37, 58, 95, 0.378, False
37, 59, 96, 0.203, False
37, 60, 97, 0.169, False
37, 61, 98, 0.102, False
37, 62, 99, 0.054, False
37, 63, 100, 0.051, False
37, 64, 101, 0.032, False
37, 65, 102, 0.037, False
37, 66, 103, 6.33e-07, False
38, 35, 73, 0.025, False
38, 36, 74, 1.2e-06, False
38, 37, 75, 0.088, False
38, 38, 76, 7.89, False
38, 39, 77, 9.0, False
38, 40, 78, 160.0, False
38, 41, 79, 135.0, False
38, 42, 80, 6380.0, False
38, 43, 81, 1340.0, False
38, 44, 82, 2190000.0, False
38, 45, 83, 117000.0, False
38, 46, 84, inf, True
38, 47, 85, 5600000.0, False
38, 48, 86, inf, True
38, 49, 87, inf, True
38, 50, 88, inf, True
38, 51, 89, 4370000.0, False
38, 52, 90, 912000000.0, False
38, 53, 91, 34700.0, False
38, 54, 92, 9580.0, False
38, 55, 93, 446.0, False
38, 56, 94, 75.3, False
38, 57, 95, 23.9, False
38, 58, 96, 1.07, False
38, 59, 97, 0.429, False
38, 60, 98, 0.653, False
38, 61, 99, 0.269, False
38, 62, 100, 0.202, False
38, 63, 101, 0.118, False
38, 64, 102, 0.069, False
38, 65, 103, 0.068, False
38, 66, 104, 0.043, False
38, 67, 105, 0.04, False
38, 68, 106, 3.92e-07, False
38, 69, 107, 3.95e-07, False
39, 37, 76, 2e-07, False
39, 38, 77, 0.057, False
39, 39, 78, 0.053, False
39, 40, 79, 14.8, False
39, 41, 80, 30.1, False
39, 42, 81, 70.4, False
39, 43, 82, 8.3, False
39, 44, 83, 425.0, False
39, 45, 84, 2370.0, False
39, 46, 85, 9650.0, False
39, 47, 86, 53100.0, False
39, 48, 87, 287000.0, False
39, 49, 88, 9210000.0, False
39, 50, 89, inf, True
39, 51, 90, 231000.0, False
39, 52, 91, 5060000.0, False
39, 53, 92, 12700.0, False
39, 54, 93, 36600.0, False
39, 55, 94, 1120.0, False
39, 56, 95, 618.0, False
39, 57, 96, 5.34, False
39, 58, 97, 3.75, False
39, 59, 98, 0.548, False
39, 60, 99, 1.48, False
39, 61, 100, 0.735, False
39, 62, 101, 0.45, False
39, 63, 102, 0.36, False
39, 64, 103, 0.23, False
39, 65, 104, 0.197, False
39, 66, 105, 0.085, False
39, 67, 106, 0.062, False
39, 68, 107, 0.041, False
39, 69, 108, 0.025, False
39, 70, 109, 3.93e-07, False
40, 38, 78, 1.7e-07, False
40, 39, 79, 0.056, False
40, 40, 80, 4.6, False
40, 41, 81, 5.5, False
40, 42, 82, 32.0, False
40, 43, 83, 41.6, False
40, 44, 84, 1550.0, False
40, 45, 85, 472.0, False
40, 46, 86, 59400.0, False
40, 47, 87, 6050.0, False
40, 48, 88, 7210000.0, False
40, 49, 89, 282000.0, False
40, 50, 90, inf, True
40, 51, 91, inf, True
40, 52, 92, inf, True
40, 53, 93, 5.08e+13, False
40, 54, 94, inf, True
40, 55, 95, 5530000.0, False
40, 56, 96, 7.42e+26, False
40, 57, 97, 60300.0, False
40, 58, 98, 30.7, False
40, 59, 99, 2.1, False
40, 60, 100, 7.1, False
40, 61, 101, 2.3, False
40, 62, 102, 2.9, False
40, 63, 103, 1.32, False
40, 64, 104, 0.87, False
40, 65, 105, 0.66, False
40, 66, 106, 0.191, False
40, 67, 107, 0.138, False
40, 68, 108, 0.073, False
40, 69, 109, 0.063, False
40, 70, 110, 0.037, False
40, 71, 111, 3.92e-07, False
40, 72, 112, 3.94e-07, False
41, 40, 81, 2e-07, False
41, 41, 82, 0.05, False
41, 42, 83, 3.8, False
41, 43, 84, 9.8, False
41, 44, 85, 20.5, False
41, 45, 86, 88.0, False
41, 46, 87, 225.0, False
41, 47, 88, 873.0, False
41, 48, 89, 7310.0, False
41, 49, 90, 52600.0, False
41, 50, 91, 21500000000.0, False
41, 51, 92, 1.1e+15, False
41, 52, 93, inf, True
41, 53, 94, 6.41e+11, False
41, 54, 95, 3020000.0, False
41, 55, 96, 84100.0, False
41, 56, 97, 4330.0, False
41, 57, 98, 2.86, False
41, 58, 99, 15.0, False
41, 59, 100, 1.5, False
41, 60, 101, 7.1, False
41, 61, 102, 4.3, False
41, 62, 103, 1.5, False
41, 63, 104, 4.9, False
41, 64, 105, 2.95, False
41, 65, 106, 0.93, False
41, 66, 107, 0.3, False
41, 67, 108, 0.22, False
41, 68, 109, 0.106, False
41, 69, 110, 0.086, False
41, 70, 111, 0.051, False
41, 71, 112, 0.033, False
41, 72, 113, 3e-07, False
41, 73, 114, 3.92e-07, False
41, 74, 115, 3.94e-07, False
42, 41, 83, 0.006, False
42, 42, 84, 2.3, False
42, 43, 85, 3.2, False
42, 44, 86, 19.1, False
42, 45, 87, 14.0, False
42, 46, 88, 480.0, False
42, 47, 89, 127.0, False
42, 48, 90, 20000.0, False
42, 49, 91, 929.0, False
42, 50, 92, inf, True
42, 51, 93, 1.26e+11, False
42, 52, 94, inf, True
42, 53, 95, inf, True
42, 54, 96, inf, True
42, 55, 97, inf, True
42, 56, 98, inf, True
42, 57, 99, 238000.0, False
42, 58, 100, 2.3e+26, False
42, 59, 101, 877.0, False
42, 60, 102, 678.0, False
42, 61, 103, 67.5, False
42, 62, 104, 60.0, False
42, 63, 105, 35.6, False
42, 64, 106, 8.73, False
42, 65, 107, 3.5, False
42, 66, 108, 1.09, False
42, 67, 109, 0.66, False
42, 68, 110, 0.27, False
42, 69, 111, 220.0, False
42, 70, 112, 0.12, False
42, 71, 113, 0.078, False
42, 72, 114, 0.06, False
42, 73, 115, 0.051, False
42, 74, 116, 3.91e-07, False
42, 75, 117, 3.93e-07, False
43, 42, 85, 0.5, False
43, 43, 86, 0.054, False
43, 44, 87, 2.2, False
43, 45, 88, 5.8, False
43, 46, 89, 12.8, False
43, 47, 90, 8.7, False
43, 48, 91, 188.0, False
43, 49, 92, 255.0, False
43, 50, 93, 9900.0, False
43, 51, 94, 17600.0, False
43, 52, 95, 72000.0, False
43, 53, 96, 370000.0, False
43, 54, 97, 1.33e+14, False
43, 55, 98, 1.33e+14, False
43, 56, 99, 6.66e+12, False
43, 57, 100, 15.5, False
43, 58, 101, 841.0, False
43, 59, 102, 5.28, False
43, 60, 103, 54.2, False
43, 61, 104, 1100.0, False
43, 62, 105, 456.0, False
43, 63, 106, 35.6, False
43, 64, 107, 21.2, False
43, 65, 108, 5.17, False
43, 66, 109, 0.86, False
43, 67, 110, 0.92, False
43, 68, 111, 0.35, False
43, 69, 112, 0.29, False
43, 70, 113, 0.16, False
43, 71, 114, 0.1, False
43, 72, 115, 0.083, False
43, 73, 116, 0.056, False
43, 74, 117, 0.085, False
43, 75, 118, 0.0, False
43, 76, 119, 3.92e-07, False
43, 77, 120, 3.94e-07, False
44, 43, 87, 1.5e-06, False
44, 44, 88, 1.2, False
44, 45, 89, 1.5, False
44, 46, 90, 11.7, False
44, 47, 91, 7.9, False
44, 48, 92, 219.0, False
44, 49, 93, 59.7, False
44, 50, 94, 3110.0, False
44, 51, 95, 5910.0, False
44, 52, 96, inf, True
44, 53, 97, 245000.0, False
44, 54, 98, inf, True
44, 55, 99, inf, True
44, 56, 100, inf, True
44, 57, 101, inf, True
44, 58, 102, inf, True
44, 59, 103, 3390000.0, False
44, 60, 104, inf, True
44, 61, 105, 16000.0, False
44, 62, 106, 32100000.0, False
44, 63, 107, 225.0, False
44, 64, 108, 273.0, False
44, 65, 109, 34.5, False
44, 66, 110, 11.6, False
44, 67, 111, 2.12, False
44, 68, 112, 1.75, False
44, 69, 113, 0.8, False
44, 70, 114, 0.52, False
44, 71, 115, 0.318, False
44, 72, 116, 0.204, False
44, 73, 117, 0.142, False
44, 74, 118, 0.123, False
44, 75, 119, 3e-07, False
44, 76, 120, 1.5e-07, False
44, 77, 121, 3.9e-07, False
44, 78, 122, 3.92e-07, False
44, 79, 123, 3.94e-07, False
44, 80, 124, 3.96e-07, False
45, 44, 89, 1.5e-06, False
45, 45, 90, 0.012, False
45, 46, 91, 1.47, False
45, 47, 92, 4.66, False
45, 48, 93, 12.2, False
45, 49, 94, 66.0, False
45, 50, 95, 301.0, False
45, 51, 96, 594.0, False
45, 52, 97, 1840.0, False
45, 53, 98, 523.0, False
45, 54, 99, 1390000.0, False
45, 55, 100, 74900.0, False
45, 56, 101, 104000000.0, False
45, 57, 102, 17900000.0, False
45, 58, 103, inf, True
45, 59, 104, 42.3, False
45, 60, 105, 127000.0, False
45, 61, 106, 30.1, False
45, 62, 107, 1300.0, False
45, 63, 108, 16.8, False
45, 64, 109, 80.0, False
45, 65, 110, 28.5, False
45, 66, 111, 11.0, False
45, 67, 112, 3.45, False
45, 68, 113, 2.8, False
45, 69, 114, 1.85, False
45, 70, 115, 0.99, False
45, 71, 116, 0.68, False
45, 72, 117, 0.44, False
45, 73, 118, 0.266, False
45, 74, 119, 0.171, False
45, 75, 120, 0.136, False
45, 76, 121, 0.151, False
45, 77, 122, 3e-07, False
45, 78, 123, 4.03e-07, False
45, 79, 124, 3.91e-07, False
45, 80, 125, 3.93e-07, False
45, 81, 126, 3.95e-07, False
46, 45, 91, 1e-06, False
46, 46, 92, 0.7, False
46, 47, 93, 1.0, False
46, 48, 94, 9.6, False
46, 49, 95, 5.0, False
46, 50, 96, 122.0, False
46, 51, 97, 186.0, False
46, 52, 98, 1060.0, False
46, 53, 99, 1280.0, False
46, 54, 100, 314000.0, False
46, 55, 101, 30500.0, False
46, 56, 102, inf, True
46, 57, 103, 1470000.0, False
46, 58, 104, inf, True
46, 59, 105, inf, True
46, 60, 106, inf, True
46, 61, 107, 2.05e+14, False
46, 62, 108, inf, True
46, 63, 109, 49300.0, False
46, 64, 110, inf, True
46, 65, 111, 1400.0, False
46, 66, 112, 75700.0, False
46, 67, 113, 93.0, False
46, 68, 114, 145.0, False
46, 69, 115, 25.0, False
46, 70, 116, 11.8, False
46, 71, 117, 4.3, False
46, 72, 118, 1.9, False
46, 73, 119, 0.92, False
46, 74, 120, 0.5, False
46, 75, 121, 0.285, False
46, 76, 122, 0.175, False
46, 77, 123, 0.174, False
46, 78, 124, 0.038, False
46, 79, 125, 2.3e-07, False
46, 80, 126, 2.3e-07, False
46, 82, 128, 3.94e-07, False
47, 46, 93, 0.0, False
47, 47, 94, 0.026, False
47, 48, 95, 1.75, False
47, 49, 96, 4.4, False
47, 50, 97, 25.5, False
47, 51, 98, 47.5, False
47, 52, 99, 124.0, False
47, 53, 100, 121.0, False
47, 54, 101, 666.0, False
47, 55, 102, 774.0, False
47, 56, 103, 3940.0, False
47, 57, 104, 4150.0, False
47, 58, 105, 3570000.0, False
47, 59, 106, 1440.0, False
47, 60, 107, inf, True
47, 61, 108, 143.0, False
47, 62, 109, inf, True
47, 63, 110, 24.6, False
47, 64, 111, 644000.0, False
47, 65, 112, 11300.0, False
47, 66, 113, 19300.0, False
47, 67, 114, 4.6, False
47, 68, 115, 1200.0, False
47, 69, 116, 237.0, False
47, 70, 117, 72.8, False
47, 71, 118, 3.76, False
47, 72, 119, 6.0, False
47, 73, 120, 1.23, False
47, 74, 121, 0.78, False
47, 75, 122, 0.529, False
47, 76, 123, 0.3, False
47, 77, 124, 0.172, False
47, 78, 125, 0.166, False
47, 79, 126, 0.107, False
47, 80, 127, 0.109, False
47, 81, 128, 0.058, False
47, 82, 129, 0.046, False
47, 83, 130, 0.05, False
48, 47, 95, 0.0, False
48, 48, 96, 1.03, False
48, 49, 97, 1.1, False
48, 50, 98, 9.2, False
48, 51, 99, 16.0, False
48, 52, 100, 49.1, False
48, 53, 101, 81.6, False
48, 54, 102, 330.0, False
48, 55, 103, 438.0, False
48, 56, 104, 3460.0, False
48, 57, 105, 3330.0, False
48, 58, 106, 1.14e+28, False
48, 59, 107, 23400.0, False
48, 60, 108, 6e+25, False
48, 61, 109, 39900000.0, False
48, 62, 110, inf, True
48, 63, 111, inf, True
48, 64, 112, inf, True
48, 65, 113, 2.52e+23, False
48, 66, 114, 6.63e+25, False
48, 67, 115, 192000.0, False
48, 68, 116, 1.04e+27, False
48, 69, 117, 8960.0, False
48, 70, 118, 3020.0, False
48, 71, 119, 161.0, False
48, 72, 120, 50.8, False
48, 73, 121, 13.5, False
48, 74, 122, 5.24, False
48, 75, 123, 2.1, False
48, 76, 124, 1.25, False
48, 77, 125, 0.68, False
48, 78, 126, 0.515, False
48, 79, 127, 0.37, False
48, 80, 128, 0.28, False
48, 81, 129, 0.27, False
48, 82, 130, 0.162, False
48, 83, 131, 0.068, False
48, 84, 132, 0.097, False
48, 85, 133, 0.057, False
49, 48, 97, 0.0, False
49, 49, 98, 0.032, False
49, 50, 99, 3.0, False
49, 51, 100, 5.9, False
49, 52, 101, 15.1, False
49, 53, 102, 23.3, False
49, 54, 103, 65.0, False
49, 55, 104, 108.0, False
49, 56, 105, 304.0, False
49, 57, 106, 372.0, False
49, 58, 107, 1940.0, False
49, 59, 108, 3480.0, False
49, 60, 109, 15000.0, False
49, 61, 110, 17600.0, False
49, 62, 111, 242000.0, False
49, 63, 112, 898.0, False
49, 64, 113, inf, True
49, 65, 114, 71.9, False
49, 66, 115, 1.39e+22, False
49, 67, 116, 14.1, False
49, 68, 117, 2590.0, False
49, 69, 118, 5.0, False
49, 70, 119, 144.0, False
49, 71, 120, 3.08, False
49, 72, 121, 23.1, False
49, 73, 122, 1.5, False
49, 74, 123, 6.17, False
49, 75, 124, 3.12, False
49, 76, 125, 2.36, False
49, 77, 126, 1.53, False
49, 78, 127, 1.09, False
49, 79, 128, 0.84, False
49, 80, 129, 0.61, False
49, 81, 130, 0.29, False
49, 82, 131, 0.28, False
49, 83, 132, 0.207, False
49, 84, 133, 0.165, False
49, 85, 134, 0.14, False
49, 86, 135, 0.092, False
50, 49, 99, 0.0, False
50, 50, 100, 0.86, False
50, 51, 101, 1.7, False
50, 52, 102, 3.8, False
50, 53, 103, 7.0, False
50, 54, 104, 20.8, False
50, 55, 105, 32.7, False
50, 56, 106, 115.0, False
50, 57, 107, 174.0, False
50, 58, 108, 618.0, False
50, 59, 109, 1080.0, False
50, 60, 110, 14800.0, False
50, 61, 111, 2120.0, False
50, 62, 112, 4.1e+28, False
50, 63, 113, 9940000.0, False
50, 64, 114, inf, True
50, 65, 115, inf, True
50, 66, 116, inf, True
50, 67, 117, inf, True
50, 68, 118, inf, True
50, 69, 119, inf, True
50, 70, 120, inf, True
50, 71, 121, 97300.0, False
50, 72, 122, inf, True
50, 73, 123, 11200000.0, False
50, 74, 124, 3.79e+28, False
50, 75, 125, 833000.0, False
50, 76, 126, 7.26e+12, False
50, 77, 127, 7560.0, False
50, 78, 128, 3540.0, False
50, 79, 129, 134.0, False
50, 80, 130, 223.0, False
50, 81, 131, 56.0, False
50, 82, 132, 39.7, False
50, 83, 133, 1.46, False
50, 84, 134, 1.05, False
50, 85, 135, 0.53, False
50, 86, 136, 0.25, False
50, 87, 137, 0.19, False
50, 88, 138, 4.08e-07, False
51, 52, 103, 1.5e-06, False
51, 53, 104, 0.44, False
51, 54, 105, 1.22, False
51, 55, 106, 0.6, False
51, 56, 107, 4.0, False
51, 57, 108, 7.4, False
51, 58, 109, 17.0, False
51, 59, 110, 23.0, False
51, 60, 111, 75.0, False
51, 61, 112, 51.4, False
51, 62, 113, 400.0, False
51, 63, 114, 209.0, False
51, 64, 115, 1930.0, False
51, 65, 116, 948.0, False
51, 66, 117, 10100.0, False
51, 67, 118, 216.0, False
51, 68, 119, 137000.0, False
51, 69, 120, 953.0, False
51, 70, 121, inf, True
51, 71, 122, 235000.0, False
51, 72, 123, inf, True
51, 73, 124, 5200000.0, False
51, 74, 125, 87100000.0, False
51, 75, 126, 1070000.0, False
51, 76, 127, 333000.0, False
51, 77, 128, 32400.0, False
51, 78, 129, 15800.0, False
51, 79, 130, 2370.0, False
51, 80, 131, 1380.0, False
51, 81, 132, 167.0, False
51, 82, 133, 140.0, False
51, 83, 134, 0.78, False
51, 84, 135, 1.68, False
51, 85, 136, 0.923, False
51, 86, 137, 0.492, False
51, 87, 138, 0.35, False
51, 88, 139, 0.093, False
51, 89, 140, 4.07e-07, False
52, 53, 105, 6.2e-07, False
52, 54, 106, 7e-05, False
52, 55, 107, 0.0031, False
52, 56, 108, 2.1, False
52, 57, 109, 4.6, False
52, 58, 110, 18.6, False
52, 59, 111, 19.3, False
52, 60, 112, 120.0, False
52, 61, 113, 102.0, False
52, 62, 114, 912.0, False
52, 63, 115, 348.0, False
52, 64, 116, 8960.0, False
52, 65, 117, 3720.0, False
52, 66, 118, 518000.0, False
52, 67, 119, 57800.0, False
52, 68, 120, inf, True
52, 69, 121, 1660000.0, False
52, 70, 122, inf, True
52, 71, 123, 2.9e+24, False
52, 72, 124, inf, True
52, 73, 125, inf, True
52, 74, 126, inf, True
52, 75, 127, 33700.0, False
52, 76, 128, 7.61e+31, False
52, 77, 129, 4180.0, False
52, 78, 130, 9.47e+31, False
52, 79, 131, 1500.0, False
52, 80, 132, 277000.0, False
52, 81, 133, 750.0, False
52, 82, 134, 2510.0, False
52, 83, 135, 19.0, False
52, 84, 136, 17.6, False
52, 85, 137, 2.49, False
52, 86, 138, 1.4, False
52, 87, 139, 1.5e-07, False
52, 88, 140, 3e-07, False
52, 89, 141, 1.5e-07, False
52, 90, 142, 0.0, False
52, 91, 143, 4.08e-07, False
53, 54, 107, 0.0, False
53, 55, 108, 0.036, False
53, 56, 109, 9.35e-05, False
53, 57, 110, 0.65, False
53, 58, 111, 2.5, False
53, 59, 112, 3.42, False
53, 60, 113, 6.6, False
53, 61, 114, 2.1, False
53, 62, 115, 78.0, False
53, 63, 116, 2.91, False
53, 64, 117, 133.0, False
53, 65, 118, 822.0, False
53, 66, 119, 1150.0, False
53, 67, 120, 4900.0, False
53, 68, 121, 7630.0, False
53, 69, 122, 218.0, False
53, 70, 123, 47600.0, False
53, 71, 124, 361000.0, False
53, 72, 125, 5130000.0, False
53, 73, 126, 1120000.0, False
53, 74, 127, inf, True
53, 75, 128, 1500.0, False
53, 76, 129, 4.95e+14, False
53, 77, 130, 44500.0, False
53, 78, 131, 693000.0, False
53, 79, 132, 8260.0, False
53, 80, 133, 75000.0, False
53, 81, 134, 3150.0, False
53, 82, 135, 23700.0, False
53, 83, 136, 83.4, False
53, 84, 137, 24.5, False
53, 85, 138, 6.23, False
53, 86, 139, 2.28, False
53, 87, 140, 0.86, False
53, 88, 141, 0.43, False
53, 89, 142, 0.222, False
53, 90, 143, 0.13, False
53, 91, 144, 3e-07, False
53, 92, 145, 4.07e-07, False
54, 54, 108, 0.0, False
54, 55, 109, 0.013, False
54, 56, 110, 0.093, False
54, 57, 111, 0.81, False
54, 58, 112, 2.7, False
54, 59, 113, 2.74, False
54, 60, 114, 10.0, False
54, 61, 115, 18.0, False
54, 62, 116, 59.0, False
54, 63, 117, 61.0, False
54, 64, 118, 228.0, False
54, 65, 119, 348.0, False
54, 66, 120, 2400.0, False
54, 67, 121, 2410.0, False
54, 68, 122, 72400.0, False
54, 69, 123, 7490.0, False
54, 70, 124, 5.05e+21, False
54, 71, 125, 60800.0, False
54, 72, 126, inf, True
54, 73, 127, 3140000.0, False
54, 74, 128, inf, True
54, 75, 129, inf, True
54, 76, 130, inf, True
54, 77, 131, inf, True
54, 78, 132, inf, True
54, 79, 133, 453000.0, False
54, 80, 134, 1.83e+30, False
54, 81, 135, 32900.0, False
54, 82, 136, 7.57e+28, False
54, 83, 137, 229.0, False
54, 84, 138, 845.0, False
54, 85, 139, 39.7, False
54, 86, 140, 13.6, False
54, 87, 141, 1.73, False
54, 88, 142, 1.23, False
54, 89, 143, 0.511, False
54, 90, 144, 0.388, False
54, 91, 145, 0.188, False
54, 92, 146, 0.146, False
54, 93, 147, 0.1, False
54, 94, 148, 4.08e-07, False
55, 57, 112, 0.0005, False
55, 58, 113, 1.67e-05, False
55, 59, 114, 0.57, False
55, 60, 115, 1.4, False
55, 61, 116, 0.7, False
55, 62, 117, 8.4, False
55, 63, 118, 14.0, False
55, 64, 119, 43.0, False
55, 65, 120, 61.3, False
55, 66, 121, 155.0, False
55, 67, 122, 21.2, False
55, 68, 123, 353.0, False
55, 69, 124, 30.9, False
55, 70, 125, 2800.0, False
55, 71, 126, 98.4, False
55, 72, 127, 22500.0, False
55, 73, 128, 220.0, False
55, 74, 129, 115000.0, False
55, 75, 130, 1750.0, False
55, 76, 131, 837000.0, False
55, 77, 132, 560000.0, False
55, 78, 133, inf, True
55, 79, 134, 65200000.0, False
55, 80, 135, 7.26e+13, False
55, 81, 136, 1130000.0, False
55, 82, 137, 949000000.0, False
55, 83, 138, 2000.0, False
55, 84, 139, 556.0, False
55, 85, 140, 63.7, False
55, 86, 141, 24.8, False
55, 87, 142, 1.68, False
55, 88, 143, 1.79, False
55, 89, 144, 0.994, False
55, 90, 145, 0.587, False
55, 91, 146, 0.321, False
55, 92, 147, 0.23, False
55, 93, 148, 0.146, False
55, 94, 149, 0.05, False
55, 95, 150, 0.05, False
55, 96, 151, 0.05, False
56, 56, 112, 0.0, False
56, 57, 113, 0.0, False
56, 58, 114, 0.43, False
56, 59, 115, 0.45, False
56, 60, 116, 1.3, False
56, 61, 117, 1.75, False
56, 62, 118, 5.5, False
56, 63, 119, 5.4, False
56, 64, 120, 24.0, False
56, 65, 121, 29.7, False
56, 66, 122, 117.0, False
56, 67, 123, 162.0, False
56, 68, 124, 660.0, False
56, 69, 125, 198.0, False
56, 70, 126, 6000.0, False
56, 71, 127, 762.0, False
56, 72, 128, 210000.0, False
56, 73, 129, 8030.0, False
56, 74, 130, inf, True
56, 75, 131, 994000.0, False
56, 76, 132, 9.47e+28, False
56, 77, 133, 333000000.0, False
56, 78, 134, inf, True
56, 79, 135, inf, True
56, 80, 136, inf, True
56, 81, 137, inf, True
56, 82, 138, inf, True
56, 83, 139, 4980.0, False
56, 84, 140, 1100000.0, False
56, 85, 141, 1100.0, False
56, 86, 142, 636.0, False
56, 87, 143, 14.5, False
56, 88, 144, 11.5, False
56, 89, 145, 4.31, False
56, 90, 146, 2.22, False
56, 91, 147, 0.894, False
56, 92, 148, 0.612, False
56, 93, 149, 0.344, False
56, 94, 150, 0.3, False
56, 95, 151, 3e-07, False
56, 96, 152, 4.06e-07, False
56, 97, 153, 0.0, False
57, 60, 117, 0.0235, False
57, 61, 118, 0.0, False
57, 62, 119, 0.0, False
57, 63, 120, 2.8, False
57, 64, 121, 5.3, False
57, 65, 122, 8.6, False
57, 66, 123, 17.0, False
57, 67, 124, 29.2, False
57, 68, 125, 64.8, False
57, 69, 126, 54.0, False
57, 70, 127, 306.0, False
57, 71, 128, 311.0, False
57, 72, 129, 696.0, False
57, 73, 130, 522.0, False
57, 74, 131, 3540.0, False
57, 75, 132, 17300.0, False
57, 76, 133, 14100.0, False
57, 77, 134, 387.0, False
57, 78, 135, 70200.0, False
57, 79, 136, 592.0, False
57, 80, 137, 1.89e+12, False
57, 81, 138, 3.22e+18, False
57, 82, 139, inf, True
57, 83, 140, 145000.0, False
57, 84, 141, 14100.0, False
57, 85, 142, 5470.0, False
57, 86, 143, 852.0, False
57, 87, 144, 40.8, False
57, 88, 145, 24.8, False
57, 89, 146, 6.27, False
57, 90, 147, 4.06, False
57, 91, 148, 1.26, False
57, 92, 149, 1.05, False
57, 93, 150, 0.86, False
57, 94, 151, 3e-07, False
57, 95, 152, 1.5e-07, False
57, 96, 153, 1e-07, False
57, 97, 154, 0.0, False
57, 98, 155, 0.0, False
58, 61, 119, 0.0, False
58, 62, 120, 0.0, False
58, 63, 121, 1.1, False
58, 64, 122, 0.0, False
58, 65, 123, 3.8, False
58, 66, 124, 6.0, False
58, 67, 125, 9.7, False
58, 68, 126, 51.0, False
58, 69, 127, 34.0, False
58, 70, 128, 236.0, False
58, 71, 129, 210.0, False
58, 72, 130, 1370.0, False
58, 73, 131, 618.0, False
58, 74, 132, 12600.0, False
58, 75, 133, 5820.0, False
58, 76, 134, 273000.0, False
58, 77, 135, 63700.0, False
58, 78, 136, 2.21e+21, False
58, 79, 137, 32400.0, False
58, 80, 138, 2.84e+21, False
58, 81, 139, 11900000.0, False
58, 82, 140, inf, True
58, 83, 141, 2810000.0, False
58, 84, 142, 1.58e+24, False
58, 85, 143, 119000.0, False
58, 86, 144, 24600000.0, False
58, 87, 145, 181.0, False
58, 88, 146, 811.0, False
58, 89, 147, 56.4, False
58, 90, 148, 56.0, False
58, 91, 149, 5.3, False
58, 92, 150, 4.0, False
58, 93, 151, 1.76, False
58, 94, 152, 1.4, False
58, 95, 153, 1e-07, False
58, 96, 154, 1e-07, False
58, 97, 155, 3e-07, False
58, 98, 156, 0.0, False
58, 99, 157, 0.0, False
59, 62, 121, 0.01, False
59, 63, 122, 0.5, False
59, 64, 123, 0.8, False
59, 65, 124, 1.2, False
59, 66, 125, 3.3, False
59, 67, 126, 3.14, False
59, 68, 127, 4.2, False
59, 69, 128, 2.84, False
59, 70, 129, 30.0, False
59, 71, 130, 40.0, False
59, 72, 131, 90.6, False
59, 73, 132, 96.0, False
59, 74, 133, 390.0, False
59, 75, 134, 660.0, False
59, 76, 135, 1440.0, False
59, 77, 136, 786.0, False
59, 78, 137, 4610.0, False
59, 79, 138, 87.0, False
59, 80, 139, 15900.0, False
59, 81, 140, 203.0, False
59, 82, 141, inf, True
59, 83, 142, 68800.0, False
59, 84, 143, 1170000.0, False
59, 85, 144, 1040.0, False
59, 86, 145, 21500.0, False
59, 87, 146, 1450.0, False
59, 88, 147, 804.0, False
59, 89, 148, 137.0, False
59, 90, 149, 136.0, False
59, 91, 150, 6.19, False
59, 92, 151, 18.9, False
59, 93, 152, 3.57, False
59, 94, 153, 4.28, False
59, 95, 154, 2.3, False
59, 96, 155, 3e-07, False
59, 97, 156, 3e-07, False
59, 98, 157, 0.0, False
59, 99, 158, 0.0, False
59, 100, 159, 0.0, False
60, 64, 124, 0.0, False
60, 65, 125, 0.65, False
60, 66, 126, 2e-07, False
60, 67, 127, 1.8, False
60, 68, 128, 5.0, False
60, 69, 129, 4.9, False
60, 70, 130, 21.0, False
60, 71, 131, 25.4, False
60, 72, 132, 94.0, False
60, 73, 133, 70.0, False
60, 74, 134, 510.0, False
60, 75, 135, 744.0, False
60, 76, 136, 3040.0, False
60, 77, 137, 2310.0, False
60, 78, 138, 18100.0, False
60, 79, 139, 1780.0, False
60, 80, 140, 291000.0, False
60, 81, 141, 8960.0, False
60, 82, 142, inf, True
60, 83, 143, inf, True
60, 84, 144, 7.23e+22, False
60, 85, 145, inf, True
60, 86, 146, inf, True
60, 87, 147, 949000.0, False
60, 88, 148, inf, True
60, 89, 149, 6220.0, False
60, 90, 150, 2.49e+26, False
60, 91, 151, 746.0, False
60, 92, 152, 684.0, False
60, 93, 153, 31.6, False
60, 94, 154, 25.9, False
60, 95, 155, 8.9, False
60, 96, 156, 5.06, False
60, 97, 157, 1e-07, False
60, 98, 158, 5e-08, False
60, 99, 159, 0.0, False
60, 100, 160, 0.0, False
60, 101, 161, 0.0, False
61, 65, 126, 0.0, False
61, 66, 127, 0.0, False
61, 67, 128, 1.0, False
61, 68, 129, 2.4, False
61, 69, 130, 2.6, False
61, 70, 131, 6.3, False
61, 71, 132, 6.2, False
61, 72, 133, 13.5, False
61, 73, 134, 5.0, False
61, 74, 135, 49.0, False
61, 75, 136, 107.0, False
61, 76, 137, 144.0, False
61, 77, 138, 10.0, False
61, 78, 139, 249.0, False
61, 79, 140, 9.2, False
61, 80, 141, 1250.0, False
61, 81, 142, 40.5, False
61, 82, 143, 22900000.0, False
61, 83, 144, 31400000.0, False
61, 84, 145, 559000000.0, False
61, 85, 146, 175000000.0, False
61, 86, 147, 82800000.0, False
61, 87, 148, 464000.0, False
61, 88, 149, 191000.0, False
61, 89, 150, 9650.0, False
61, 90, 151, 102000.0, False
61, 91, 152, 247.0, False
61, 92, 153, 315.0, False
61, 93, 154, 161.0, False
61, 94, 155, 41.5, False
61, 95, 156, 26.7, False
61, 96, 157, 10.6, False
61, 97, 158, 4.8, False
61, 98, 159, 1.5, False
61, 99, 160, 0.0, False
61, 100, 161, 0.0, False
61, 101, 162, 0.0, False
61, 102, 163, 0.0, False
62, 66, 128, 0.0, False
62, 67, 129, 0.55, False
62, 68, 130, 0.0, False
62, 69, 131, 1.2, False
62, 70, 132, 4.0, False
62, 71, 133, 2.89, False
62, 72, 134, 9.5, False
62, 73, 135, 10.3, False
62, 74, 136, 47.0, False
62, 75, 137, 45.0, False
62, 76, 138, 186.0, False
62, 77, 139, 154.0, False
62, 78, 140, 889.0, False
62, 79, 141, 612.0, False
62, 80, 142, 4350.0, False
62, 81, 143, 525.0, False
62, 82, 144, inf, True
62, 83, 145, 29400000.0, False
62, 84, 146, 3.25e+15, False
62, 85, 147, 3.35e+18, False
62, 86, 148, 2.21e+23, False
62, 87, 149, inf, True
62, 88, 150, inf, True
62, 89, 151, 2840000000.0, False
62, 90, 152, inf, True
62, 91, 153, 167000.0, False
62, 92, 154, inf, True
62, 93, 155, 1340.0, False
62, 94, 156, 33800.0, False
62, 95, 157, 482.0, False
62, 96, 158, 318.0, False
62, 97, 159, 11.4, False
62, 98, 160, 9.6, False
62, 99, 161, 4.8, False
62, 100, 162, 2.4, False
62, 101, 163, 0.0, False
62, 102, 164, 0.0, False
62, 103, 165, 0.0, False
63, 67, 130, 0.0009, False
63, 68, 131, 0.0178, False
63, 69, 132, 0.0, False
63, 70, 133, 0.0, False
63, 71, 134, 0.5, False
63, 72, 135, 1.5, False
63, 73, 136, 3.3, False
63, 74, 137, 11.0, False
63, 75, 138, 12.1, False
63, 76, 139, 17.9, False
63, 77, 140, 1.51, False
63, 78, 141, 40.7, False
63, 79, 142, 2.34, False
63, 80, 143, 155.0, False
63, 81, 144, 10.2, False
63, 82, 145, 512000.0, False
63, 83, 146, 398000.0, False
63, 84, 147, 2080000.0, False
63, 85, 148, 4710000.0, False
63, 86, 149, 8040000.0, False
63, 87, 150, 1160000000.0, False
63, 88, 151, 5.36e+25, False
63, 89, 152, 427000000.0, False
63, 90, 153, inf, True
63, 91, 154, 271000000.0, False
63, 92, 155, 150000000.0, False
63, 93, 156, 1310000.0, False
63, 94, 157, 54600.0, False
63, 95, 158, 2750.0, False
63, 96, 159, 1090.0, False
63, 97, 160, 38.0, False
63, 98, 161, 26.0, False
63, 99, 162, 10.6, False
63, 100, 163, 7.7, False
63, 101, 164, 4.2, False
63, 102, 165, 2.3, False
63, 103, 166, 0.0, False
63, 104, 167, 0.0, False
64, 69, 133, 0.0, False
64, 70, 134, 0.0, False
64, 71, 135, 1.1, False
64, 72, 136, 2e-07, False
64, 73, 137, 2.2, False
64, 74, 138, 4.7, False
64, 75, 139, 5.8, False
64, 76, 140, 15.8, False
64, 77, 141, 14.0, False
64, 78, 142, 70.2, False
64, 79, 143, 39.0, False
64, 80, 144, 268.0, False
64, 81, 145, 1380.0, False
64, 82, 146, 4170000.0, False
64, 83, 147, 137000.0, False
64, 84, 148, 2240000000.0, False
64, 85, 149, 802000.0, False
64, 86, 150, 5.65e+13, False
64, 87, 151, 10700000.0, False
64, 88, 152, 3.41e+21, False
64, 89, 153, 20800000.0, False
64, 90, 154, inf, True
64, 91, 155, inf, True
64, 92, 156, inf, True
64, 93, 157, inf, True
64, 94, 158, inf, True
64, 95, 159, 66500.0, False
64, 96, 160, 9.78e+26, False
64, 97, 161, 220.0, False
64, 98, 162, 504.0, False
64, 99, 163, 68.0, False
64, 100, 164, 45.0, False
64, 101, 165, 10.3, False
64, 102, 166, 4.8, False
64, 103, 167, 0.0, False
64, 104, 168, 0.0, False
64, 105, 169, 0.0, False
65, 70, 135, 0.00094, False
65, 71, 136, 0.0, False
65, 72, 137, 0.0, False
65, 73, 138, 2e-07, False
65, 74, 139, 1.6, False
65, 75, 140, 2.0, False
65, 76, 141, 3.5, False
65, 77, 142, 0.597, False
65, 78, 143, 12.0, False
65, 79, 144, 1.0, False
65, 80, 145, 0.0, False
65, 81, 146, 8.0, False
65, 82, 147, 5900.0, False
65, 83, 148, 3600.0, False
65, 84, 149, 14800.0, False
65, 85, 150, 12500.0, False
65, 86, 151, 63400.0, False
65, 87, 152, 63000.0, False
65, 88, 153, 202000.0, False
65, 89, 154, 77400.0, False
65, 90, 155, 460000.0, False
65, 91, 156, 462000.0, False
65, 92, 157, 2240000000.0, False
65, 93, 158, 5680000000.0, False
65, 94, 159, inf, True
65, 95, 160, 6250000.0, False
65, 96, 161, 595000.0, False
65, 97, 162, 456.0, False
65, 98, 163, 1170.0, False
65, 99, 164, 180.0, False
65, 100, 165, 127.0, False
65, 101, 166, 25.1, False
65, 102, 167, 19.4, False
65, 103, 168, 8.2, False
65, 104, 169, 0.0, False
65, 105, 170, 0.0, False
65, 106, 171, 0.0, False
66, 72, 138, 0.0, False
66, 73, 139, 0.6, False
66, 74, 140, 0.0, False
66, 75, 141, 0.9, False
66, 76, 142, 2.3, False
66, 77, 143, 5.6, False
66, 78, 144, 9.1, False
66, 79, 145, 6.0, False
66, 80, 146, 29.0, False
66, 81, 147, 67.0, False
66, 82, 148, 198.0, False
66, 83, 149, 252.0, False
66, 84, 150, 430.0, False
66, 85, 151, 1070.0, False
66, 86, 152, 8570.0, False
66, 87, 153, 23000.0, False
66, 88, 154, 9.47e+13, False
66, 89, 155, 35600.0, False
66, 90, 156, inf, True
66, 91, 157, 29300.0, False
66, 92, 158, inf, True
66, 93, 159, 12500000.0, False
66, 94, 160, inf, True
66, 95, 161, inf, True
66, 96, 162, inf, True
66, 97, 163, inf, True
66, 98, 164, inf, True
66, 99, 165, 8400.0, False
66, 100, 166, 294000.0, False
66, 101, 167, 372.0, False
66, 102, 168, 522.0, False
66, 103, 169, 39.0, False
66, 104, 170, 0.0, False
66, 105, 171, 0.0, False
66, 106, 172, 0.0, False
66, 107, 173, 0.0, False
67, 73, 140, 0.006, False
67, 74, 141, 0.0041, False
67, 75, 142, 0.4, False
67, 76, 143, 0.0, False
67, 77, 144, 0.7, False
67, 78, 145, 2.4, False
67, 79, 146, 3.6, False
67, 80, 147, 5.8, False
67, 81, 148, 2.2, False
67, 82, 149, 21.1, False
67, 83, 150, 72.0, False
67, 84, 151, 35.2, False
67, 85, 152, 162.0, False
67, 86, 153, 121.0, False
67, 87, 154, 706.0, False
67, 88, 155, 2880.0, False
67, 89, 156, 3360.0, False
67, 90, 157, 756.0, False
67, 91, 158, 678.0, False
67, 92, 159, 1980.0, False
67, 93, 160, 1540.0, False
67, 94, 161, 8930.0, False
67, 95, 162, 900.0, False
67, 96, 163, 1.44e+11, False
67, 97, 164, 1740.0, False
67, 98, 165, inf, True
67, 99, 166, 96600.0, False
67, 100, 167, 10800.0, False
67, 101, 168, 179.0, False
67, 102, 169, 283.0, False
67, 103, 170, 166.0, False
67, 104, 171, 53.0, False
67, 105, 172, 25.0, False
67, 106, 173, 0.0, False
67, 107, 174, 0.0, False
67, 108, 175, 0.0, False
68, 74, 142, 0.0, False
68, 75, 143, 0.0, False
68, 76, 144, 2e-07, False
68, 77, 145, 0.0, False
68, 78, 146, 1.7, False
68, 79, 147, 2.5, False
68, 80, 148, 4.6, False
68, 81, 149, 4.0, False
68, 82, 150, 18.5, False
68, 83, 151, 23.5, False
68, 84, 152, 10.3, False
68, 85, 153, 37.1, False
68, 86, 154, 224.0, False
68, 87, 155, 318.0, False
68, 88, 156, 1170.0, False
68, 89, 157, 1120.0, False
68, 90, 158, 8240.0, False
68, 91, 159, 2160.0, False
68, 92, 160, 103000.0, False
68, 93, 161, 11600.0, False
68, 94, 162, inf, True
68, 95, 163, 4500.0, False
68, 96, 164, inf, True
68, 97, 165, 37300.0, False
68, 98, 166, inf, True
68, 99, 167, inf, True
68, 100, 168, inf, True
68, 101, 169, 811000.0, False
68, 102, 170, inf, True
68, 103, 171, 27100.0, False
68, 104, 172, 177000.0, False
68, 105, 173, 84.0, False
68, 106, 174, 192.0, False
68, 107, 175, 72.0, False
68, 108, 176, 0.0, False
68, 109, 177, 0.0, False
69, 75, 144, 1.9e-06, False
69, 76, 145, 3.17e-06, False
69, 77, 146, 0.08, False
69, 78, 147, 0.58, False
69, 79, 148, 0.7, False
69, 80, 149, 0.9, False
69, 81, 150, 2.2, False
69, 82, 151, 4.17, False
69, 83, 152, 8.0, False
69, 84, 153, 1.48, False
69, 85, 154, 8.1, False
69, 86, 155, 21.6, False
69, 87, 156, 83.8, False
69, 88, 157, 218.0, False
69, 89, 158, 239.0, False
69, 90, 159, 548.0, False
69, 91, 160, 564.0, False
69, 92, 161, 1810.0, False
69, 93, 162, 1300.0, False
69, 94, 163, 6520.0, False
69, 95, 164, 120.0, False
69, 96, 165, 108000.0, False
69, 97, 166, 27700.0, False
69, 98, 167, 799000.0, False
69, 99, 168, 8040000.0, False
69, 100, 169, inf, True
69, 101, 170, 11100000.0, False
69, 102, 171, 60600000.0, False
69, 103, 172, 229000.0, False
69, 104, 173, 29700.0, False
69, 105, 174, 324.0, False
69, 106, 175, 912.0, False
69, 107, 176, 114.0, False
69, 108, 177, 90.0, False
69, 109, 178, 3e-07, False
69, 110, 179, 0.0, False
70, 78, 148, 0.0, False
70, 79, 149, 0.7, False
70, 80, 150, 2e-07, False
70, 81, 151, 1.6, False
70, 82, 152, 3.03, False
70, 83, 153, 4.2, False
70, 84, 154, 0.409, False
70, 85, 155, 1.79, False
70, 86, 156, 26.1, False
70, 87, 157, 38.6, False
70, 88, 158, 89.4, False
70, 89, 159, 100.0, False
70, 90, 160, 288.0, False
70, 91, 161, 252.0, False
70, 92, 162, 1130.0, False
70, 93, 163, 663.0, False
70, 94, 164, 4550.0, False
70, 95, 165, 594.0, False
70, 96, 166, 204000.0, False
70, 97, 167, 1050.0, False
70, 98, 168, inf, True
70, 99, 169, 2770000.0, False
70, 100, 170, inf, True
70, 101, 171, inf, True
70, 102, 172, inf, True
70, 103, 173, inf, True
70, 104, 174, inf, True
70, 105, 175, 362000.0, False
70, 106, 176, inf, True
70, 107, 177, 6880.0, False
70, 108, 178, 4440.0, False
70, 109, 179, 480.0, False
70, 110, 180, 144.0, False
70, 111, 181, 0.0, False
71, 79, 150, 0.045, False
71, 80, 151, 0.0806, False
71, 81, 152, 0.7, False
71, 82, 153, 0.9, False
71, 83, 154, 0.0, False
71, 84, 155, 0.068, False
71, 85, 156, 0.494, False
71, 86, 157, 6.8, False
71, 87, 158, 10.6, False
71, 88, 159, 12.1, False
71, 89, 160, 36.1, False
71, 90, 161, 77.0, False
71, 91, 162, 82.2, False
71, 92, 163, 238.0, False
71, 93, 164, 188.0, False
71, 94, 165, 644.0, False
71, 95, 166, 159.0, False
71, 96, 167, 3090.0, False
71, 97, 168, 330.0, False
71, 98, 169, 123000.0, False
71, 99, 170, 174000.0, False
71, 100, 171, 712000.0, False
71, 101, 172, 579000.0, False
71, 102, 173, 43200000.0, False
71, 103, 174, 104000000.0, False
71, 104, 175, inf, True
71, 105, 176, 1.19e+18, False
71, 106, 177, 574000.0, False
71, 107, 178, 1700.0, False
71, 108, 179, 16500.0, False
71, 109, 180, 342.0, False
71, 110, 181, 210.0, False
71, 111, 182, 120.0, False
71, 112, 183, 58.0, False
71, 113, 184, 19.0, False
72, 81, 153, 6e-08, False
72, 82, 154, 2.0, False
72, 83, 155, 0.84, False
72, 84, 156, 0.023, False
72, 85, 157, 0.11, False
72, 86, 158, 2.85, False
72, 87, 159, 5.6, False
72, 88, 160, 13.6, False
72, 89, 161, 18.2, False
72, 90, 162, 39.4, False
72, 91, 163, 40.0, False
72, 92, 164, 111.0, False
72, 93, 165, 76.0, False
72, 94, 166, 406.0, False
72, 95, 167, 123.0, False
72, 96, 168, 1560.0, False
72, 97, 169, 194.0, False
72, 98, 170, 57600.0, False
72, 99, 171, 43600.0, False
72, 100, 172, 59000000.0, False
72, 101, 173, 85000.0, False
72, 102, 174, 6.31e+22, False
72, 103, 175, 6050000.0, False
72, 104, 176, inf, True
72, 105, 177, inf, True
72, 106, 178, inf, True
72, 107, 179, inf, True
72, 108, 180, inf, True
72, 109, 181, 3660000.0, False
72, 110, 182, 2.81e+14, False
72, 111, 183, 3660.0, False
72, 112, 184, 14800.0, False
72, 113, 185, 210.0, False
72, 114, 186, 156.0, False
72, 115, 187, 2.7e-07, False
72, 116, 188, 0.0, False
72, 117, 189, 0.0, False
73, 82, 155, 0.0029, False
73, 83, 156, 0.144, False
73, 84, 157, 0.0101, False
73, 85, 158, 0.055, False
73, 86, 159, 0.83, False
73, 87, 160, 1.55, False
73, 88, 161, 0.0, False
73, 89, 162, 3.57, False
73, 90, 163, 10.6, False
73, 91, 164, 14.2, False
73, 92, 165, 31.0, False
73, 93, 166, 34.4, False
73, 94, 167, 80.0, False
73, 95, 168, 120.0, False
73, 96, 169, 294.0, False
73, 97, 170, 406.0, False
73, 98, 171, 1400.0, False
73, 99, 172, 2210.0, False
73, 100, 173, 11300.0, False
73, 101, 174, 4100.0, False
73, 102, 175, 37800.0, False
73, 103, 176, 29100.0, False
73, 104, 177, 204000.0, False
73, 105, 178, 559.0, False
73, 106, 179, 57400000.0, False
73, 107, 180, 29400.0, False
73, 108, 181, inf, True
73, 109, 182, 9910000.0, False
73, 110, 183, 441000.0, False
73, 111, 184, 31300.0, False
73, 112, 185, 2960.0, False
73, 113, 186, 630.0, False
73, 114, 187, 138.0, False
73, 115, 188, 19.6, False
73, 116, 189, 1.6e-06, False
73, 117, 190, 5.3, False
73, 118, 191, 3e-07, False
73, 119, 192, 2.2, False
74, 83, 157, 0.275, False
74, 84, 158, 0.00125, False
74, 85, 159, 0.0073, False
74, 86, 160, 0.091, False
74, 87, 161, 0.409, False
74, 88, 162, 1.36, False
74, 89, 163, 2.67, False
74, 90, 164, 6.3, False
74, 91, 165, 5.1, False
74, 92, 166, 19.2, False
74, 93, 167, 19.9, False
74, 94, 168, 50.9, False
74, 95, 169, 74.0, False
74, 96, 170, 145.0, False
74, 97, 171, 143.0, False
74, 98, 172, 396.0, False
74, 99, 173, 456.0, False
74, 100, 174, 1990.0, False
74, 101, 175, 2110.0, False
74, 102, 176, 9000.0, False
74, 103, 177, 7920.0, False
74, 104, 178, 1870000.0, False
74, 105, 179, 2220.0, False
74, 106, 180, 2.08e+25, False
74, 107, 181, 10500000.0, False
74, 108, 182, inf, True
74, 109, 183, 4.1e+26, False
74, 110, 184, inf, True
74, 111, 185, 6490000.0, False
74, 112, 186, 7.26e+26, False
74, 113, 187, 86400.0, False
74, 114, 188, 6030000.0, False
74, 115, 189, 642.0, False
74, 116, 190, 1800.0, False
74, 117, 191, 3e-07, False
74, 118, 192, 0.0, False
74, 119, 193, 3e-07, False
74, 120, 194, 3e-07, False
75, 84, 159, 0.0, False
75, 85, 160, 0.00082, False
75, 86, 161, 0.00044, False
75, 87, 162, 0.107, False
75, 88, 163, 0.39, False
75, 89, 164, 0.85, False
75, 90, 165, 1.0, False
75, 91, 166, 2.25, False
75, 92, 167, 5.9, False
75, 93, 168, 4.4, False
75, 94, 169, 8.1, False
75, 95, 170, 9.2, False
75, 96, 171, 15.2, False
75, 97, 172, 55.0, False
75, 98, 173, 119.0, False
75, 99, 174, 144.0, False
75, 100, 175, 353.0, False
75, 101, 176, 318.0, False
75, 102, 177, 840.0, False
75, 103, 178, 792.0, False
75, 104, 179, 1170.0, False
75, 105, 180, 146.0, False
75, 106, 181, 71600.0, False
75, 107, 182, 230000.0, False
75, 108, 183, 6050000.0, False
75, 109, 184, 3060000.0, False
75, 110, 185, inf, True
75, 111, 186, 321000.0, False
75, 112, 187, 1.37e+18, False
75, 113, 188, 61200.0, False
75, 114, 189, 87500.0, False
75, 115, 190, 186.0, False
75, 116, 191, 588.0, False
75, 117, 192, 16.0, False
75, 118, 193, 0.0, False
75, 119, 194, 5.0, False
75, 120, 195, 6.0, False
75, 121, 196, 3.0, False
75, 123, 198, 0.0, False
76, 85, 161, 0.00064, False
76, 86, 162, 0.0021, False
76, 87, 163, 0.0055, False
76, 88, 164, 0.021, False
76, 89, 165, 0.071, False
76, 90, 166, 0.199, False
76, 91, 167, 0.81, False
76, 92, 168, 2.1, False
76, 93, 169, 3.43, False
76, 94, 170, 7.37, False
76, 95, 171, 8.3, False
76, 96, 172, 19.2, False
76, 97, 173, 22.4, False
76, 98, 174, 44.0, False
76, 99, 175, 84.0, False
76, 100, 176, 216.0, False
76, 101, 177, 180.0, False
76, 102, 178, 300.0, False
76, 103, 179, 390.0, False
76, 104, 180, 1290.0, False
76, 105, 181, 6300.0, False
76, 106, 182, 78600.0, False
76, 107, 183, 46800.0, False
76, 108, 184, 1.77e+21, False
76, 109, 185, 8090000.0, False
76, 110, 186, 6.31e+22, False
76, 111, 187, inf, True
76, 112, 188, inf, True
76, 113, 189, inf, True
76, 114, 190, inf, True
76, 115, 191, 1330000.0, False
76, 116, 192, inf, True
76, 117, 193, 108000.0, False
76, 118, 194, 189000000.0, False
76, 119, 195, 540.0, False
76, 120, 196, 2090.0, False
76, 121, 197, 168.0, False
76, 122, 198, 0.0, False
76, 123, 199, 5.0, False
76, 124, 200, 6.0, False
76, 125, 201, 3e-07, False
76, 126, 202, 3e-07, False
77, 87, 164, 9.4e-05, False
77, 88, 165, 1e-06, False
77, 89, 166, 0.0105, False
77, 90, 167, 0.0352, False
77, 91, 168, 0.222, False
77, 92, 169, 0.353, False
77, 93, 170, 0.87, False
77, 94, 171, 3.2, False
77, 95, 172, 4.4, False
77, 96, 173, 9.0, False
77, 97, 174, 7.9, False
77, 98, 175, 9.0, False
77, 99, 176, 8.7, False
77, 100, 177, 30.0, False
77, 101, 178, 12.0, False
77, 102, 179, 79.0, False
77, 103, 180, 90.0, False
77, 104, 181, 294.0, False
77, 105, 182, 900.0, False
77, 106, 183, 3420.0, False
77, 107, 184, 11100.0, False
77, 108, 185, 51800.0, False
77, 109, 186, 59900.0, False
77, 110, 187, 37800.0, False
77, 111, 188, 149000.0, False
77, 112, 189, 1140000.0, False
77, 113, 190, 1020000.0, False
77, 114, 191, inf, True
77, 115, 192, 6380000.0, False
77, 116, 193, inf, True
77, 117, 194, 69400.0, False
77, 118, 195, 9000.0, False
77, 119, 196, 52.0, False
77, 120, 197, 348.0, False
77, 121, 198, 8.0, False
77, 122, 199, 6.0, False
77, 123, 200, 3e-07, False
77, 124, 201, 3e-07, False
77, 125, 202, 11.0, False
77, 126, 203, 3e-07, False
77, 127, 204, 0.0, False
78, 88, 166, 0.0003, False
78, 89, 167, 0.0009, False
78, 90, 168, 0.00202, False
78, 91, 169, 0.007, False
78, 92, 170, 0.0138, False
78, 93, 171, 0.0455, False
78, 94, 172, 0.0976, False
78, 95, 173, 0.382, False
78, 96, 174, 0.889, False
78, 97, 175, 2.53, False
78, 98, 176, 6.33, False
78, 99, 177, 10.6, False
78, 100, 178, 20.7, False
78, 101, 179, 21.2, False
78, 102, 180, 56.0, False
78, 103, 181, 52.0, False
78, 104, 182, 160.0, False
78, 105, 183, 390.0, False
78, 106, 184, 1040.0, False
78, 107, 185, 4250.0, False
78, 108, 186, 7490.0, False
78, 109, 187, 8460.0, False
78, 110, 188, 881000.0, False
78, 111, 189, 39100.0, False
78, 112, 190, 2.05e+19, False
78, 113, 191, 245000.0, False
78, 114, 192, inf, True
78, 115, 193, 1580000000.0, False
78, 116, 194, inf, True
78, 117, 195, inf, True
78, 118, 196, inf, True
78, 119, 197, 71600.0, False
78, 120, 198, inf, True
78, 121, 199, 1850.0, False
78, 122, 200, 45400.0, False
78, 123, 201, 150.0, False
78, 124, 202, 158000.0, False
78, 125, 203, 10.0, False
78, 126, 204, 10.3, False
78, 127, 205, 3e-07, False
79, 90, 169, 0.0, False
79, 91, 170, 0.000286, False
79, 92, 171, 1.7e-05, False
79, 93, 172, 0.022, False
79, 94, 173, 0.025, False
79, 95, 174, 0.139, False
79, 96, 175, 0.0, False
79, 97, 176, 0.0, False
79, 98, 177, 1.53, False
79, 99, 178, 2.6, False
79, 100, 179, 7.1, False
79, 101, 180, 8.1, False
79, 102, 181, 13.7, False
79, 103, 182, 15.5, False
79, 104, 183, 42.8, False
79, 105, 184, 20.6, False
79, 106, 185, 255.0, False
79, 107, 186, 642.0, False
79, 108, 187, 498.0, False
79, 109, 188, 530.0, False
79, 110, 189, 1720.0, False
79, 111, 190, 2570.0, False
79, 112, 191, 11400.0, False
79, 113, 192, 17800.0, False
79, 114, 193, 63500.0, False
79, 115, 194, 137000.0, False
79, 116, 195, 16100000.0, False
79, 117, 196, 533000.0, False
79, 118, 197, inf, True
79, 119, 198, 233000.0, False
79, 120, 199, 271000.0, False
79, 121, 200, 2900.0, False
79, 122, 201, 1560.0, False
79, 123, 202, 28.4, False
79, 124, 203, 60.0, False
79, 125, 204, 39.8, False
79, 126, 205, 32.5, False
79, 127, 206, 3e-07, False
79, 128, 207, 3e-07, False
79, 129, 208, 3e-07, False
79, 130, 209, 3e-07, False
79, 131, 210, 3e-07, False
80, 91, 171, 5.9e-05, False
80, 92, 172, 0.000231, False
80, 93, 173, 0.0006, False
80, 94, 174, 0.0021, False
80, 95, 175, 0.0106, False
80, 96, 176, 0.0203, False
80, 97, 177, 0.118, False
80, 98, 178, 0.267, False
80, 99, 179, 1.05, False
80, 100, 180, 2.58, False
80, 101, 181, 3.6, False
80, 102, 182, 10.8, False
80, 103, 183, 9.4, False
80, 104, 184, 30.9, False
80, 105, 185, 49.1, False
80, 106, 186, 82.8, False
80, 107, 187, 144.0, False
80, 108, 188, 195.0, False
80, 109, 189, 456.0, False
80, 110, 190, 1200.0, False
80, 111, 191, 2940.0, False
80, 112, 192, 17500.0, False
80, 113, 193, 13700.0, False
80, 114, 194, 14000000000.0, False
80, 115, 195, 37900.0, False
80, 116, 196, inf, True
80, 117, 197, 231000.0, False
80, 118, 198, inf, True
80, 119, 199, inf, True
80, 120, 200, inf, True
80, 121, 201, inf, True
80, 122, 202, inf, True
80, 123, 203, 4030000.0, False
80, 124, 204, inf, True
80, 125, 205, 308.0, False
80, 126, 206, 499.0, False
80, 127, 207, 174.0, False
80, 128, 208, 2460.0, False
80, 129, 209, 35.0, False
80, 130, 210, 3e-07, False
80, 131, 211, 3e-07, False
80, 132, 212, 3e-07, False
80, 133, 213, 3e-07, False
80, 134, 214, 3e-07, False
80, 135, 215, 3e-07, False
80, 136, 216, 3e-07, False
81, 95, 176, 0.0052, False
81, 96, 177, 0.018, False
81, 97, 178, 0.254, False
81, 98, 179, 0.23, False
81, 99, 180, 1.09, False
81, 100, 181, 3.2, False
81, 101, 182, 3.1, False
81, 102, 183, 6.9, False
81, 103, 184, 10.1, False
81, 104, 185, 19.5, False
81, 105, 186, 27.5, False
81, 106, 187, 51.0, False
81, 107, 188, 71.0, False
81, 108, 189, 138.0, False
81, 109, 190, 156.0, False
81, 110, 191, 0.0, False
81, 111, 192, 576.0, False
81, 112, 193, 1300.0, False
81, 113, 194, 1980.0, False
81, 114, 195, 4180.0, False
81, 115, 196, 6620.0, False
81, 116, 197, 10200.0, False
81, 117, 198, 19100.0, False
81, 118, 199, 26700.0, False
81, 119, 200, 94000.0, False
81, 120, 201, 263000.0, False
81, 121, 202, 1060000.0, False
81, 122, 203, inf, True
81, 123, 204, 119000000.0, False
81, 124, 205, inf, True
81, 125, 206, 252.0, False
81, 126, 207, 286.0, False
81, 127, 208, 183.0, False
81, 128, 209, 130.0, False
81, 129, 210, 78.0, False
81, 130, 211, 3e-07, False
81, 131, 212, 3e-07, False
81, 132, 213, 101.0, False
81, 133, 214, 3e-07, False
81, 134, 215, 3e-07, False
81, 135, 216, 3e-07, False
81, 136, 217, 3e-07, False
82, 96, 178, 0.00012, False
82, 97, 179, 0.0035, False
82, 98, 180, 0.0042, False
82, 99, 181, 0.036, False
82, 100, 182, 0.055, False
82, 101, 183, 0.535, False
82, 102, 184, 0.49, False
82, 103, 185, 6.3, False
82, 104, 186, 4.82, False
82, 105, 187, 18.3, False
82, 106, 188, 25.1, False
82, 107, 189, 39.0, False
82, 108, 190, 71.0, False
82, 109, 191, 79.8, False
82, 110, 192, 210.0, False
82, 111, 193, 0.0, False
82, 112, 194, 642.0, False
82, 113, 195, 900.0, False
82, 114, 196, 2220.0, False
82, 115, 197, 486.0, False
82, 116, 198, 8640.0, False
82, 117, 199, 5400.0, False
82, 118, 200, 77400.0, False
82, 119, 201, 33600.0, False
82, 120, 202, 1.66e+12, False
82, 121, 203, 187000.0, False
82, 122, 204, 4.42e+24, False
82, 123, 205, 5.46e+14, False
82, 124, 206, inf, True
82, 125, 207, inf, True
82, 126, 208, inf, True
82, 127, 209, 11700.0, False
82, 128, 210, 701000000.0, False
82, 129, 211, 2170.0, False
82, 130, 212, 38300.0, False
82, 131, 213, 612.0, False
82, 132, 214, 1610.0, False
82, 133, 215, 147.0, False
82, 134, 216, 3e-07, False
82, 135, 217, 3e-07, False
82, 136, 218, 3e-07, False
82, 137, 219, 3e-07, False
82, 138, 220, 3e-07, False
83, 101, 184, 0.013, False
83, 102, 185, 5.8e-05, False
83, 103, 186, 0.015, False
83, 104, 187, 0.037, False
83, 105, 188, 0.265, False
83, 106, 189, 0.674, False
83, 107, 190, 6.3, False
83, 108, 191, 12.4, False
83, 109, 192, 34.6, False
83, 110, 193, 63.6, False
83, 111, 194, 95.0, False
83, 112, 195, 183.0, False
83, 113, 196, 308.0, False
83, 114, 197, 560.0, False
83, 115, 198, 618.0, False
83, 116, 199, 1620.0, False
83, 117, 200, 2180.0, False
83, 118, 201, 6180.0, False
83, 119, 202, 6160.0, False
83, 120, 203, 42300.0, False
83, 121, 204, 40400.0, False
83, 122, 205, 1320000.0, False
83, 123, 206, 539000.0, False
83, 124, 207, 996000000.0, False
83, 125, 208, 1.16e+13, False
83, 126, 209, inf, True
83, 127, 210, 433000.0, False
83, 128, 211, 128.0, False
83, 129, 212, 3630.0, False
83, 130, 213, 2740.0, False
83, 131, 214, 1190.0, False
83, 132, 215, 456.0, False
83, 133, 216, 135.0, False
83, 134, 217, 98.5, False
83, 135, 218, 33.0, False
83, 136, 219, 3e-07, False
83, 137, 220, 3e-07, False
83, 138, 221, 3e-07, False
83, 139, 222, 3e-07, False
83, 140, 223, 3e-07, False
83, 141, 224, 3e-07, False
84, 102, 186, 0.0, False
84, 103, 187, 0.0014, False
84, 104, 188, 0.000275, False
84, 105, 189, 0.0035, False
84, 106, 190, 0.00246, False
84, 107, 191, 0.022, False
84, 108, 192, 0.0322, False
84, 109, 193, 0.245, False
84, 110, 194, 0.392, False
84, 111, 195, 4.64, False
84, 112, 196, 5.8, False
84, 113, 197, 84.0, False
84, 114, 198, 106.0, False
84, 115, 199, 328.0, False
84, 116, 200, 691.0, False
84, 117, 201, 936.0, False
84, 118, 202, 2680.0, False
84, 119, 203, 2200.0, False
84, 120, 204, 12700.0, False
84, 121, 205, 6260.0, False
84, 122, 206, 760000.0, False
84, 123, 207, 20900.0, False
84, 124, 208, 91500000.0, False
84, 125, 209, 3220000000.0, False
84, 126, 210, 12000000.0, False
84, 127, 211, 0.516, False
84, 128, 212, 2.99e-07, False
84, 129, 213, 3.72e-06, False
84, 130, 214, 0.000164, False
84, 131, 215, 0.00178, False
84, 132, 216, 0.145, False
84, 133, 217, 1.53, False
84, 134, 218, 186.0, False
84, 135, 219, 3e-07, False
84, 136, 220, 3e-07, False
84, 137, 221, 112.0, False
84, 138, 222, 550.0, False
84, 139, 223, 3e-07, False
84, 140, 224, 3e-07, False
84, 141, 225, 3e-07, False
84, 142, 226, 3e-07, False
84, 143, 227, 3e-07, False
85, 106, 191, 0.0017, False
85, 107, 192, 0.0115, False
85, 108, 193, 0.028, False
85, 109, 194, 0.31, False
85, 110, 195, 0.328, False
85, 111, 196, 0.388, False
85, 112, 197, 0.388, False
85, 113, 198, 3.8, False
85, 114, 199, 7.03, False
85, 115, 200, 43.0, False
85, 116, 201, 85.2, False
85, 117, 202, 184.0, False
85, 118, 203, 444.0, False
85, 119, 204, 547.0, False
85, 120, 205, 1610.0, False
85, 121, 206, 1840.0, False
85, 122, 207, 6520.0, False
85, 123, 208, 5870.0, False
85, 124, 209, 19500.0, False
85, 125, 210, 29200.0, False
85, 126, 211, 26000.0, False
85, 127, 212, 0.314, False
85, 128, 213, 1.25e-07, False
85, 129, 214, 5.58e-07, False
85, 130, 215, 0.0001, False
85, 131, 216, 0.0003, False
85, 132, 217, 0.0323, False
85, 133, 218, 1.5, False
85, 134, 219, 56.0, False
85, 135, 220, 223.0, False
85, 136, 221, 138.0, False
85, 137, 222, 54.0, False
85, 138, 223, 50.0, False
85, 139, 224, 76.0, False
85, 140, 225, 3e-07, False
85, 141, 226, 3e-07, False
85, 142, 227, 3e-07, False
85, 143, 228, 3e-07, False
85, 144, 229, 3e-07, False
86, 107, 193, 0.00115, False
86, 108, 194, 0.00078, False
86, 109, 195, 0.006, False
86, 110, 196, 0.0044, False
86, 111, 197, 0.053, False
86, 112, 198, 0.065, False
86, 113, 199, 0.59, False
86, 114, 200, 1.03, False
86, 115, 201, 7.0, False
86, 116, 202, 9.7, False
86, 117, 203, 44.0, False
86, 118, 204, 74.5, False
86, 119, 205, 170.0, False
86, 120, 206, 340.0, False
86, 121, 207, 555.0, False
86, 122, 208, 1460.0, False
86, 123, 209, 1710.0, False
86, 124, 210, 8640.0, False
86, 125, 211, 52600.0, False
86, 126, 212, 1430.0, False
86, 127, 213, 0.0195, False
86, 128, 214, 2.7e-07, False
86, 129, 215, 2.3e-06, False
86, 130, 216, 4.5e-05, False
86, 131, 217, 0.00054, False
86, 132, 218, 0.035, False
86, 133, 219, 3.96, False
86, 134, 220, 55.6, False
86, 135, 221, 1500.0, False
86, 136, 222, 330000.0, False
86, 137, 223, 1460.0, False
86, 138, 224, 6420.0, False
86, 139, 225, 280.0, False
86, 140, 226, 444.0, False
86, 141, 227, 20.8, False
86, 142, 228, 65.0, False
86, 143, 229, 12.0, False
86, 144, 230, 3e-07, False
86, 145, 231, 3e-07, False
87, 112, 199, 0.012, False
87, 113, 200, 0.049, False
87, 114, 201, 0.062, False
87, 115, 202, 0.3, False
87, 116, 203, 0.55, False
87, 117, 204, 1.8, False
87, 118, 205, 3.97, False
87, 119, 206, 16.0, False
87, 120, 207, 14.8, False
87, 121, 208, 59.1, False
87, 122, 209, 50.5, False
87, 123, 210, 191.0, False
87, 124, 211, 186.0, False
87, 125, 212, 1200.0, False
87, 126, 213, 34.8, False
87, 127, 214, 0.005, False
87, 128, 215, 8.6e-08, False
87, 129, 216, 7e-07, False
87, 130, 217, 1.9e-05, False
87, 131, 218, 0.001, False
87, 132, 219, 0.02, False
87, 133, 220, 27.4, False
87, 134, 221, 286.0, False
87, 135, 222, 852.0, False
87, 136, 223, 1320.0, False
87, 137, 224, 200.0, False
87, 138, 225, 237.0, False
87, 139, 226, 49.0, False
87, 140, 227, 148.0, False
87, 141, 228, 38.0, False
87, 142, 229, 50.2, False
87, 143, 230, 19.1, False
87, 144, 231, 17.6, False
87, 145, 232, 5.5, False
87, 146, 233, 3e-07, False
88, 113, 201, 0.0016, False
88, 114, 202, 0.016, False
88, 115, 203, 0.031, False
88, 116, 204, 0.057, False
88, 117, 205, 0.21, False
88, 118, 206, 0.24, False
88, 119, 207, 1.35, False
88, 120, 208, 1.3, False
88, 121, 209, 4.6, False
88, 122, 210, 3.7, False
88, 123, 211, 13.0, False
88, 124, 212, 13.0, False
88, 125, 213, 164.0, False
88, 126, 214, 2.46, False
88, 127, 215, 0.00155, False
88, 128, 216, 1.82e-07, False
88, 129, 217, 1.6e-06, False
88, 130, 218, 2.52e-05, False
88, 131, 219, 0.01, False
88, 132, 220, 0.018, False
88, 133, 221, 28.0, False
88, 134, 222, 38.0, False
88, 135, 223, 988000.0, False
88, 136, 224, 314000.0, False
88, 137, 225, 1290000.0, False
88, 138, 226, 50500000000.0, False
88, 139, 227, 2530.0, False
88, 140, 228, 181000000.0, False
88, 141, 229, 240.0, False
88, 142, 230, 5580.0, False
88, 143, 231, 104.0, False
88, 144, 232, 252.0, False
88, 145, 233, 30.0, False
88, 146, 234, 30.0, False
88, 147, 235, 0.0, False
89, 117, 206, 0.022, False
89, 118, 207, 0.027, False
89, 119, 208, 0.095, False
89, 120, 209, 0.1, False
89, 121, 210, 0.35, False
89, 122, 211, 0.21, False
89, 123, 212, 0.93, False
89, 124, 213, 0.738, False
89, 125, 214, 8.2, False
89, 126, 215, 0.17, False
89, 127, 216, 0.00044, False
89, 128, 217, 6.9e-08, False
89, 129, 218, 1.08e-06, False
89, 130, 219, 1.18e-05, False
89, 131, 220, 0.0264, False
89, 132, 221, 0.052, False
89, 133, 222, 5.0, False
89, 134, 223, 126.0, False
89, 135, 224, 10000.0, False
89, 136, 225, 864000.0, False
89, 137, 226, 106000.0, False
89, 138, 227, 687000000.0, False
89, 139, 228, 22100.0, False
89, 140, 229, 3760.0, False
89, 141, 230, 122.0, False
89, 142, 231, 450.0, False
89, 143, 232, 119.0, False
89, 144, 233, 145.0, False
89, 145, 234, 44.0, False
89, 146, 235, 60.0, False
89, 147, 236, 0.0, False
89, 148, 237, 0.0, False
90, 118, 208, 0.0017, False
90, 119, 209, 0.0025, False
90, 120, 210, 0.016, False
90, 121, 211, 0.04, False
90, 122, 212, 0.0317, False
90, 123, 213, 0.144, False
90, 124, 214, 0.087, False
90, 125, 215, 1.2, False
90, 126, 216, 0.026, False
90, 127, 217, 0.000241, False
90, 128, 218, 1.17e-07, False
90, 129, 219, 1.05e-06, False
90, 130, 220, 9.7e-06, False
90, 131, 221, 0.00168, False
90, 132, 222, 0.0028, False
90, 133, 223, 0.6, False
90, 134, 224, 0.81, False
90, 135, 225, 525.0, False
90, 136, 226, 1830.0, False
90, 137, 227, 1610000.0, False
90, 138, 228, 60300000.0, False
90, 139, 229, 2.5e+11, False
90, 140, 230, 2.38e+12, False
90, 141, 231, 91900.0, False
90, 142, 232, 4.42e+17, False
90, 143, 233, 1310.0, False
90, 144, 234, 2080000.0, False
90, 145, 235, 432.0, False
90, 146, 236, 2240.0, False
90, 147, 237, 282.0, False
90, 148, 238, 564.0, False
90, 149, 239, 0.0, False
91, 121, 212, 0.0051, False
91, 122, 213, 0.0053, False
91, 123, 214, 0.017, False
91, 124, 215, 0.014, False
91, 125, 216, 0.15, False
91, 126, 217, 0.0036, False
91, 127, 218, 0.000113, False
91, 128, 219, 5.3e-08, False
91, 129, 220, 7.8e-07, False
91, 130, 221, 5.9e-06, False
91, 131, 222, 0.0029, False
91, 132, 223, 0.0051, False
91, 133, 224, 0.85, False
91, 134, 225, 1.7, False
91, 135, 226, 108.0, False
91, 136, 227, 2300.0, False
91, 137, 228, 80600.0, False
91, 138, 229, 130000.0, False
91, 139, 230, 1500000.0, False
91, 140, 231, 1.03e+12, False
91, 141, 232, 114000.0, False
91, 142, 233, 2330000.0, False
91, 143, 234, 24100.0, False
91, 144, 235, 1470.0, False
91, 145, 236, 546.0, False
91, 146, 237, 522.0, False
91, 147, 238, 136.0, False
91, 148, 239, 6480.0, False
91, 149, 240, 0.0, False
91, 150, 241, 0.0, False
92, 125, 217, 0.016, False
92, 126, 218, 0.00051, False
92, 127, 219, 4.2e-05, False
92, 128, 220, 0.0, False
92, 129, 221, 7e-07, False
92, 130, 222, 1e-06, False
92, 131, 223, 1.8e-05, False
92, 132, 224, 0.0009, False
92, 133, 225, 0.095, False
92, 134, 226, 0.35, False
92, 135, 227, 66.0, False
92, 136, 228, 546.0, False
92, 137, 229, 3480.0, False
92, 138, 230, 1800000.0, False
92, 139, 231, 363000.0, False
92, 140, 232, 2170000000.0, False
92, 141, 233, 5.02e+12, False
92, 142, 234, 7.75e+12, False
92, 143, 235, 2.22e+16, False
92, 144, 236, 7.39e+14, False
92, 145, 237, 583000.0, False
92, 146, 238, 1.41e+17, False
92, 147, 239, 1410.0, False
92, 148, 240, 50800.0, False
92, 149, 241, 0.0, False
92, 150, 242, 1010.0, False
92, 151, 243, 0.0, False
93, 132, 225, 0.0, False
93, 133, 226, 0.035, False
93, 134, 227, 0.51, False
93, 135, 228, 61.4, False
93, 136, 229, 240.0, False
93, 137, 230, 276.0, False
93, 138, 231, 2930.0, False
93, 139, 232, 882.0, False
93, 140, 233, 2170.0, False
93, 141, 234, 380000.0, False
93, 142, 235, 34200000.0, False
93, 143, 236, 4.83e+12, False
93, 144, 237, 6.77e+13, False
93, 145, 238, 183000.0, False
93, 146, 239, 204000.0, False
93, 147, 240, 3710.0, False
93, 148, 241, 834.0, False
93, 149, 242, 132.0, False
93, 150, 243, 111.0, False
93, 151, 244, 137.0, False
93, 152, 245, 0.0, False
94, 134, 228, 1.1, False
94, 135, 229, 67.0, False
94, 136, 230, 102.0, False
94, 137, 231, 516.0, False
94, 138, 232, 2030.0, False
94, 139, 233, 1250.0, False
94, 140, 234, 31700.0, False
94, 141, 235, 1520.0, False
94, 142, 236, 90200000.0, False
94, 143, 237, 3940000.0, False
94, 144, 238, 2770000000.0, False
94, 145, 239, 7.61e+11, False
94, 146, 240, 2.07e+11, False
94, 147, 241, 452000000.0, False
94, 148, 242, 1.18e+13, False
94, 149, 243, 17800.0, False
94, 150, 244, 2.52e+15, False
94, 151, 245, 37800.0, False
94, 152, 246, 937000.0, False
94, 153, 247, 196000.0, False
95, 135, 230, 17.0, False
95, 136, 231, 0.0, False
95, 137, 232, 79.0, False
95, 138, 233, 192.0, False
95, 139, 234, 139.0, False
95, 140, 235, 618.0, False
95, 141, 236, 216.0, False
95, 142, 237, 4420.0, False
95, 143, 238, 5880.0, False
95, 144, 239, 42800.0, False
95, 145, 240, 183000.0, False
95, 146, 241, 13700000000.0, False
95, 147, 242, 57700.0, False
95, 148, 243, 2.33e+11, False
95, 149, 244, 36400.0, False
95, 150, 245, 7380.0, False
95, 151, 246, 2340.0, False
95, 152, 247, 1380.0, False
95, 153, 248, 600.0, False
95, 154, 249, 0.0, False
96, 137, 233, 23.0, False
96, 138, 234, 51.0, False
96, 139, 235, 0.0, False
96, 140, 236, 0.0, False
96, 141, 237, 240.0, False
96, 142, 238, 8640.0, False
96, 143, 239, 10400.0, False
96, 144, 240, 2330000.0, False
96, 145, 241, 2830000.0, False
96, 146, 242, 14100000.0, False
96, 147, 243, 918000000.0, False
96, 148, 244, 571000000.0, False
96, 149, 245, 2.66e+11, False
96, 150, 246, 1.49e+11, False
96, 151, 247, 4.92e+14, False
96, 152, 248, 1.1e+13, False
96, 153, 249, 3850.0, False
96, 154, 250, 2.62e+11, False
96, 155, 251, 1010.0, False
96, 156, 252, 173000.0, False
97, 137, 234, 140.0, False
97, 138, 235, 0.0, False
97, 139, 236, 0.0, False
97, 140, 237, 60.0, False
97, 141, 238, 144.0, False
97, 142, 239, 0.0, False
97, 143, 240, 288.0, False
97, 144, 241, 276.0, False
97, 145, 242, 420.0, False
97, 146, 243, 16200.0, False
97, 147, 244, 15700.0, False
97, 148, 245, 428000.0, False
97, 149, 246, 156000.0, False
97, 150, 247, 43500000000.0, False
97, 151, 248, 284000000.0, False
97, 152, 249, 28500000.0, False
97, 153, 250, 11600.0, False
97, 154, 251, 3340.0, False
97, 155, 252, 0.0, False
97, 156, 253, 0.0, False
97, 157, 254, 0.0, False
98, 139, 237, 0.8, False
98, 140, 238, 0.021, False
98, 141, 239, 39.0, False
98, 142, 240, 64.0, False
98, 143, 241, 227.0, False
98, 144, 242, 222.0, False
98, 145, 243, 642.0, False
98, 146, 244, 1160.0, False
98, 147, 245, 2700.0, False
98, 148, 246, 129000.0, False
98, 149, 247, 11200.0, False
98, 150, 248, 28800000.0, False
98, 151, 249, 11100000000.0, False
98, 152, 250, 413000000.0, False
98, 153, 251, 28300000000.0, False
98, 154, 252, 83500000.0, False
98, 155, 253, 1540000.0, False
98, 156, 254, 5230000.0, False
98, 157, 255, 5100.0, False
98, 158, 256, 738.0, False
99, 141, 240, 0.0, False
99, 142, 241, 8.0, False
99, 143, 242, 17.8, False
99, 144, 243, 23.0, False
99, 145, 244, 37.0, False
99, 146, 245, 66.0, False
99, 147, 246, 450.0, False
99, 148, 247, 273.0, False
99, 149, 248, 1620.0, False
99, 150, 249, 6130.0, False
99, 151, 250, 31000.0, False
99, 152, 251, 119000.0, False
99, 153, 252, 40800000.0, False
99, 154, 253, 1770000.0, False
99, 155, 254, 23800000.0, False
99, 156, 255, 3440000.0, False
99, 157, 256, 1520.0, False
99, 158, 257, 665000.0, False
99, 159, 258, 0.0, False
100, 141, 241, 0.00073, False
100, 142, 242, 4e-06, False
100, 143, 243, 0.231, False
100, 144, 244, 0.00312, False
100, 145, 245, 4.2, False
100, 146, 246, 1.54, False
100, 147, 247, 31.0, False
100, 148, 248, 36.0, False
100, 149, 249, 156.0, False
100, 150, 250, 1800.0, False
100, 151, 251, 19100.0, False
100, 152, 252, 91400.0, False
100, 153, 253, 259000.0, False
100, 154, 254, 11700.0, False
100, 155, 255, 72300.0, False
100, 156, 256, 9460.0, False
100, 157, 257, 8680000.0, False
100, 158, 258, 0.00037, False
100, 159, 259, 1.5, False
100, 160, 260, 0.004, False
101, 144, 245, 0.0009, False
101, 145, 246, 0.9, False
101, 146, 247, 1.2, False
101, 147, 248, 13.0, False
101, 148, 249, 21.7, False
101, 149, 250, 25.0, False
101, 150, 251, 258.0, False
101, 151, 252, 138.0, False
101, 152, 253, 360.0, False
101, 153, 254, 1680.0, False
101, 154, 255, 1620.0, False
101, 155, 256, 4620.0, False
101, 156, 257, 19900.0, False
101, 157, 258, 4450000.0, False
101, 158, 259, 5760.0, False
101, 159, 260, 2750000.0, False
101, 160, 261, 0.0, False
101, 161, 262, 0.0, False
102, 146, 248, 2e-06, False
102, 147, 249, 0.0, False
102, 148, 250, 4.2e-06, False
102, 149, 251, 0.8, False
102, 150, 252, 2.47, False
102, 151, 253, 97.2, False
102, 152, 254, 51.0, False
102, 153, 255, 211.0, False
102, 154, 256, 2.91, False
102, 155, 257, 25.0, False
102, 156, 258, 0.0012, False
102, 157, 259, 3480.0, False
102, 158, 260, 0.106, False
102, 159, 261, 0.0, False
102, 160, 262, 0.005, False
102, 161, 263, 0.0, False
102, 162, 264, 0.0, False
103, 148, 251, 0.0, False
103, 149, 252, 0.27, False
103, 150, 253, 0.57, False
103, 151, 254, 18.4, False
103, 152, 255, 31.1, False
103, 153, 256, 27.0, False
103, 154, 257, 4.0, False
103, 155, 258, 4.1, False
103, 156, 259, 6.2, False
103, 157, 260, 180.0, False
103, 158, 261, 2340.0, False
103, 159, 262, 14400.0, False
103, 160, 263, 0.0, False
103, 161, 264, 0.0, False
103, 162, 265, 0.0, False
103, 163, 266, 0.0, False
104, 149, 253, 4.8e-05, False
104, 150, 254, 2.3e-05, False
104, 151, 255, 2.3, False
104, 152, 256, 0.0064, False
104, 153, 257, 4.7, False
104, 154, 258, 0.0147, False
104, 155, 259, 3.2, False
104, 156, 260, 0.021, False
104, 157, 261, 1.9, False
104, 158, 262, 2.3, False
104, 159, 263, 600.0, False
104, 160, 264, 0.0, False
104, 161, 265, 0.0, False
104, 162, 266, 0.0, False
104, 163, 267, 0.0, False
104, 164, 268, 0.0, False
105, 150, 255, 1.6, False
105, 151, 256, 1.9, False
105, 152, 257, 1.82, False
105, 153, 258, 4.2, False
105, 154, 259, 0.51, False
105, 155, 260, 1.52, False
105, 156, 261, 1.8, False
105, 157, 262, 35.0, False
105, 158, 263, 27.0, False
105, 159, 264, 0.0, False
105, 160, 265, 0.0, False
105, 161, 266, 0.0, False
105, 162, 267, 4380.0, False
105, 163, 268, 115000.0, False
105, 164, 269, 0.0, False
105, 165, 270, 82800.0, False
106, 152, 258, 0.0029, False
106, 153, 259, 0.32, False
106, 154, 260, 0.0036, False
106, 155, 261, 0.23, False
106, 156, 262, 0.0069, False
106, 157, 263, 1.0, False
106, 158, 264, 0.037, False
106, 159, 265, 16.2, False
106, 160, 266, 21.0, False
106, 161, 267, 0.0, False
106, 162, 268, 0.0, False
106, 163, 269, 0.0, False
106, 164, 270, 0.0, False
106, 165, 271, 144.0, False
106, 166, 272, 0.0, False
106, 167, 273, 0.0, False
107, 153, 260, 0.035, False
107, 154, 261, 0.0118, False
107, 155, 262, 0.022, False
107, 156, 263, 0.0, False
107, 157, 264, 0.44, False
107, 158, 265, 0.9, False
107, 159, 266, 1.7, False
107, 160, 267, 17.0, False
107, 161, 268, 0.0, False
107, 162, 269, 0.0, False
107, 163, 270, 60.0, False
107, 164, 271, 0.0, False
107, 165, 272, 10.0, False
107, 166, 273, 0.0, False
107, 167, 274, 54.0, False
107, 168, 275, 0.0, False
108, 155, 263, 0.00074, False
108, 156, 264, 0.0008, False
108, 157, 265, 0.0019, False
108, 158, 266, 0.0023, False
108, 159, 267, 0.052, False
108, 160, 268, 0.4, False
108, 161, 269, 3.6, False
108, 162, 270, 22.0, False
108, 163, 271, 0.0, False
108, 164, 272, 0.0, False
108, 165, 273, 0.0, False
108, 166, 274, 0.0, False
108, 167, 275, 0.15, False
108, 168, 276, 0.0, False
108, 169, 277, 0.0, False
109, 156, 265, 0.0, False
109, 157, 266, 0.0017, False
109, 158, 267, 0.0, False
109, 159, 268, 0.021, False
109, 160, 269, 0.0, False
109, 161, 270, 0.005, False
109, 162, 271, 0.0, False
109, 163, 272, 0.0, False
109, 164, 273, 0.0, False
109, 165, 274, 0.44, False
109, 166, 275, 0.0097, False
109, 167, 276, 0.72, False
109, 168, 277, 0.0, False
109, 169, 278, 8.0, False
109, 170, 279, 0.0, False
110, 157, 267, 2.8e-06, False
110, 158, 268, 1.0, False
110, 159, 269, 0.000179, False
110, 160, 270, 0.0001, False
110, 161, 271, 0.00163, False
110, 162, 272, 0.0, False
110, 163, 273, 0.00017, False
110, 164, 274, 0.0, False
110, 165, 275, 0.0, False
110, 166, 276, 0.0, False
110, 167, 277, 0.0, False
110, 168, 278, 0.0, False
110, 169, 279, 0.18, False
110, 170, 280, 0.0, False
110, 171, 281, 20.0, False
111, 161, 272, 0.0038, False
111, 162, 273, 0.0, False
111, 163, 274, 0.0064, False
111, 164, 275, 0.0, False
111, 165, 276, 0.0, False
111, 166, 277, 0.0, False
111, 167, 278, 0.0042, False
111, 168, 279, 0.17, False
111, 169, 280, 3.6, False
111, 170, 281, 26.0, False
111, 171, 282, 0.5, False
111, 172, 283, 0.0, False
112, 164, 276, 0.0, False
112, 165, 277, 0.0, False
112, 166, 278, 0.0, False
112, 167, 279, 0.0, False
112, 168, 280, 0.0, False
112, 169, 281, 0.0, False
112, 170, 282, 0.0005, False
112, 171, 283, 4.0, False
112, 172, 284, 0.101, False
112, 173, 285, 30.0, False
113, 165, 278, 0.00024, False
113, 166, 279, 0.0, False
113, 167, 280, 0.0, False
113, 168, 281, 0.0, False
113, 169, 282, 0.07, False
113, 170, 283, 0.1, False
113, 171, 284, 0.48, False
113, 172, 285, 5.5, False
113, 173, 286, 20.0, False
113, 174, 287, 0.0, False
114, 171, 285, 0.0, False
114, 172, 286, 0.16, False
114, 173, 287, 0.51, False
114, 174, 288, 0.52, False
114, 175, 289, 0.97, False
115, 172, 287, 0.032, False
115, 173, 288, 0.087, False
115, 174, 289, 0.22, False
115, 175, 290, 0.016, False
115, 176, 291, 0.0, False
116, 173, 289, 0.0, False
116, 174, 290, 0.015, False
116, 175, 291, 0.0063, False
116, 176, 292, 0.018, False
116, 177, 293, 0.053, False
117, 174, 291, 0.0, False
117, 175, 292, 0.0, False
117, 176, 293, 0.014, False
117, 177, 294, 0.08, False
118, 176, 294, 0.0009, False
118, 177, 295, 0.0, False
